{"swagger":"2.0","info":{"title":"GraphAPI-GetMyDrive","description":"","version":"1.0"},"host":"graph.microsoft.com","basePath":"/","schemes":["https"],"consumes":[],"produces":[],"paths":{"/v1.0/me/drive/{path}":{"get":{"responses":{"default":{"description":"default","schema":{}}},"summary":"APIGraph-GetMyDrive","operationId":"APIGraph-GetMyDrive","x-ms-visibility":"important","parameters":[{"name":"path","in":"path","required":true,"type":"string"},{"name":"$select","in":"query","required":false,"type":"string"}]}},"/beta/reports/getMailboxUsageStorage(period='D7')":{},"/v1.0/me/mailFolders":{"get":{"responses":{"default":{"description":"default","schema":{}}},"summary":"APIGraph-GetMyOutlook","operationId":"APIGraph-GetMyOutlook","x-ms-visibility":"important","parameters":[{"name":"$top","in":"query","required":false,"type":"integer","default":1000,"x-ms-visibility":"important"}]}},"/v1.0/me/mailFolders$top=1000":{},"/v1.0/me/mailFolders/Inbox/messages":{}},"definitions":{},"parameters":{},"responses":{},"securityDefinitions":{"undefined":{"type":"oauth2","flow":"accessCode","authorizationUrl":"https://login.microsoftonline.com/common/oauth2/authorize","tokenUrl":"https://login.windows.net/common/oauth2/authorize","scopes":{}}},"security":[{"undefined":[]}],"tags":[]}