{"swagger":"2.0","info":{"title":"Microsoft Graph API","description":"Connecteur Graph API. Récupération des données liées aux profil des agents.","version":"1.0"},"host":"graph.microsoft.com","basePath":"/","schemes":["https"],"consumes":[],"produces":[],"paths":{"/com/v1.0/$batch":{},"/v1.0/$batch":{"post":{"responses":{"default":{"description":"default","schema":{}}},"summary":"Batch","description":"Execute Batch with Delegate Permission","operationId":"Batch","x-ms-visibility":"important","parameters":[{"name":"body","in":"body","required":false,"schema":{"type":"object","properties":{}}}]}}},"definitions":{},"parameters":{},"responses":{},"securityDefinitions":{"oauth2-auth":{"type":"oauth2","flow":"accessCode","tokenUrl":"https://login.windows.net/common/oauth2/authorize","scopes":{},"authorizationUrl":"https://login.microsoftonline.com/common/oauth2/authorize"},"oAuthClientCredentials":{"type":"oauth2","flow":"application","tokenUrl":"https://login.windows.net/common/oauth2/authorize","scopes":{}}},"security":[{"oauth2-auth":[]},{"oAuthClientCredentials":[]}],"tags":[]}