{
  "properties": {
    "connectionReferences": {
      "shared_commondataserviceforapps": {
        "runtimeSource": "embedded",
        "connection": {
          "connectionReferenceLogicalName": "tal_sharedcommondataserviceforapps_fdaa6"
        },
        "api": {
          "name": "shared_commondataserviceforapps"
        }
      }
    },
    "definition": {
      "$schema": "https://schema.management.azure.com/providers/Microsoft.Logic/schemas/2016-06-01/workflowdefinition.json#",
      "contentVersion": "1.0.0.0",
      "parameters": {
        "$connections": {
          "defaultValue": {},
          "type": "Object"
        },
        "$authentication": {
          "defaultValue": {},
          "type": "SecureObject"
        }
      },
      "triggers": {
        "manual": {
          "metadata": {
            "operationMetadataId": "73ea3e6a-505e-41ff-a7c6-74b131403933"
          },
          "type": "Request",
          "kind": "PowerAppV2",
          "inputs": {
            "schema": {
              "type": "object",
              "properties": {
                "text": {
                  "title": "GUIDChallenge",
                  "type": "string",
                  "x-ms-dynamically-added": true,
                  "description": "Tapez votre entrée",
                  "x-ms-content-hint": "TEXT"
                }
              },
              "required": [
                "text"
              ]
            }
          }
        }
      },
      "actions": {
        "Lister_les_lignes": {
          "runAfter": {},
          "metadata": {
            "operationMetadataId": "5d6fdcba-d4e6-489f-94bb-6d0848527dc5"
          },
          "type": "OpenApiConnection",
          "inputs": {
            "host": {
              "connectionName": "shared_commondataserviceforapps",
              "operationId": "ListRecords",
              "apiId": "/providers/Microsoft.PowerApps/apis/shared_commondataserviceforapps"
            },
            "parameters": {
              "entityName": "tal_participantses",
              "fetchXml": "<fetch distinct=\"true\" aggregate=\"true\">\n  <entity name=\"tal_participants\">\n    <attribute name=\"tal_playerupn\" alias=\"tal_playerupn\" groupby=\"true\" />\n    <attribute name=\"tal_tailleonedrivedebut\" alias=\"tal_tailleonedrivedebut\" groupby=\"true\" />\n    <attribute name=\"tal_volumeinitial\" alias=\"tal_volumeinitial\" groupby=\"true\" />\n    <attribute name=\"tal_fk_challenge\" alias=\"tal_fk_challengeID\" groupby=\"true\" />\n    <filter>\n      <condition attribute=\"tal_tailleonedrivedebut\" operator=\"not-null\" />\n    </filter>\n    <filter type=\"and\">\n      <condition attribute=\"tal_fk_challenge\" operator=\"eq\" value=\"@{triggerBody()['text']}\" />\n    </filter>\n    <link-entity name=\"tal_saisie_participant\" from=\"tal_fk_participants\" to=\"tal_participantsid\" link-type=\"outer\" alias=\"ParticipantNameOneDrive\" visible=\"true\">\n      <attribute name=\"tal_nb_sprint\" alias=\"tal_nb_sprintOneDrive\" aggregate=\"max\" distinct=\"true\" />\n      <attribute name=\"createdon\" alias=\"createdon\" aggregate=\"max\" distinct=\"true\" />\n      <attribute name=\"tal_prod_onedrive\" alias=\"tal_prod_onedrive\" aggregate=\"max\" distinct=\"true\" />\n    </link-entity>\n    <link-entity name=\"tal_challenges\" from=\"tal_challengesid\" to=\"tal_fk_challenge\" link-type=\"inner\" alias=\"tal_fk_challengeID\" visible=\"true\">\n      <attribute name=\"tal_challengesid\" alias=\"tal_challengesid\" groupby=\"true\" />\n    </link-entity>\n    <!--\n<link-entity name=\"tal_saisie_participant\" from=\"tal_fk_participants\" to=\"tal_participantsid\" link-type=\"inner\" alias=\"tal_participantsidBis\" visible=\"true\">\n  <attribute name=\"tal_prod_onedrive\" alias=\"tal_prod_onedriveBis\" aggregate=\"max\" distinct=\"true\" />\n</link-entity>\n-->\n  </entity>\n</fetch>"
            },
            "authentication": "@parameters('$authentication')"
          }
        },
        "Appliquer_à_chacun": {
          "foreach": "@outputs('Lister_les_lignes')?['body/value']",
          "actions": {
            "Message": {
              "runAfter": {},
              "metadata": {
                "operationMetadataId": "4e12716b-6275-4c02-92d3-84d9aa0001aa"
              },
              "type": "Compose",
              "inputs": "@items('Appliquer_à_chacun')"
            }
          },
          "runAfter": {
            "Message_2": [
              "Succeeded"
            ]
          },
          "metadata": {
            "operationMetadataId": "6f97bc3c-1a13-42a9-8c8f-cbdd065389d1"
          },
          "type": "Foreach"
        },
        "Répondre_à_une_instance_PowerApp_ou_à_un_flux": {
          "runAfter": {
            "Appliquer_à_chacun": [
              "Succeeded"
            ]
          },
          "metadata": {
            "operationMetadataId": "80ee40c8-6847-47c8-9636-0731a66f3603"
          },
          "type": "Response",
          "kind": "PowerApp",
          "inputs": {
            "statusCode": 200,
            "body": {
              "value": "@{outputs('Message_2')}"
            },
            "schema": {
              "type": "object",
              "properties": {
                "value": {
                  "title": "Value",
                  "x-ms-dynamically-added": true,
                  "type": "string"
                }
              }
            }
          }
        },
        "Message_2": {
          "runAfter": {
            "Analyser_JSON": [
              "Succeeded"
            ]
          },
          "metadata": {
            "operationMetadataId": "fee01d03-1261-4c3d-b7b7-faf476027184"
          },
          "type": "Compose",
          "inputs": "@body('Analyser_JSON')"
        },
        "Analyser_JSON": {
          "runAfter": {
            "Lister_les_lignes": [
              "Succeeded"
            ]
          },
          "metadata": {
            "operationMetadataId": "25d81323-ee75-4a9d-a922-49c36947f761"
          },
          "type": "ParseJson",
          "inputs": {
            "content": "@outputs('Lister_les_lignes')?['body/value']",
            "schema": {
              "type": "array",
              "items": {
                "type": "object",
                "properties": {
                  "tal_tailleonedrivedebut@OData.Community.Display.V1.AttributeName": {
                    "type": "string"
                  },
                  "tal_tailleonedrivedebut@OData.Community.Display.V1.FormattedValue": {
                    "type": "string"
                  },
                  "tal_tailleonedrivedebut": {
                    "type": "integer"
                  },
                  "tal_volumeinitial@OData.Community.Display.V1.AttributeName": {
                    "type": "string"
                  },
                  "tal_volumeinitial@OData.Community.Display.V1.FormattedValue": {
                    "type": "string"
                  },
                  "tal_volumeinitial": {
                    "type": "integer"
                  },
                  "tal_playerupn@OData.Community.Display.V1.AttributeName": {
                    "type": "string"
                  },
                  "tal_playerupn": {
                    "type": "string"
                  },
                  "createdon@OData.Community.Display.V1.AttributeName": {
                    "type": "string"
                  },
                  "createdon@OData.Community.Display.V1.FormattedValue": {
                    "type": "string"
                  },
                  "createdon": {
                    "type": "string"
                  },
                  "tal_prod_onedrive@OData.Community.Display.V1.AttributeName": {
                    "type": "string"
                  },
                  "tal_prod_onedrive@OData.Community.Display.V1.FormattedValue": {
                    "type": "string"
                  },
                  "tal_prod_onedrive": {
                    "type": "integer"
                  },
                  "tal_nb_sprintOneDrive@OData.Community.Display.V1.AttributeName": {
                    "type": "string"
                  },
                  "tal_nb_sprintOneDrive@OData.Community.Display.V1.FormattedValue": {
                    "type": "string"
                  },
                  "tal_nb_sprintOneDrive": {
                    "type": "integer"
                  },
                  "tal_fk_challengeID@OData.Community.Display.V1.AttributeName": {
                    "type": "string"
                  },
                  "tal_fk_challengeID@OData.Community.Display.V1.FormattedValue": {
                    "type": "string"
                  },
                  "tal_fk_challengeID@Microsoft.Dynamics.CRM.lookuplogicalname": {
                    "type": "string"
                  },
                  "tal_fk_challengeID": {
                    "type": "string"
                  },
                  "tal_challengesid@OData.Community.Display.V1.AttributeName": {
                    "type": "string"
                  },
                  "tal_challengesid": {
                    "type": "string"
                  }
                },
                "required": [
                  "tal_tailleonedrivedebut@OData.Community.Display.V1.AttributeName",
                  "tal_tailleonedrivedebut@OData.Community.Display.V1.FormattedValue",
                  "tal_tailleonedrivedebut",
                  "tal_volumeinitial@OData.Community.Display.V1.AttributeName",
                  "tal_volumeinitial@OData.Community.Display.V1.FormattedValue",
                  "tal_volumeinitial",
                  "tal_playerupn@OData.Community.Display.V1.AttributeName",
                  "tal_playerupn",
                  "createdon@OData.Community.Display.V1.AttributeName",
                  "createdon@OData.Community.Display.V1.FormattedValue",
                  "createdon",
                  "tal_prod_onedrive@OData.Community.Display.V1.AttributeName",
                  "tal_prod_onedrive@OData.Community.Display.V1.FormattedValue",
                  "tal_prod_onedrive",
                  "tal_nb_sprintOneDrive@OData.Community.Display.V1.AttributeName",
                  "tal_nb_sprintOneDrive@OData.Community.Display.V1.FormattedValue",
                  "tal_nb_sprintOneDrive",
                  "tal_fk_challengeID@OData.Community.Display.V1.AttributeName",
                  "tal_fk_challengeID@OData.Community.Display.V1.FormattedValue",
                  "tal_fk_challengeID@Microsoft.Dynamics.CRM.lookuplogicalname",
                  "tal_fk_challengeID",
                  "tal_challengesid@OData.Community.Display.V1.AttributeName",
                  "tal_challengesid"
                ]
              }
            }
          }
        }
      }
    },
    "templateName": ""
  },
  "schemaVersion": "1.0.0.0"
}