{
  "properties": {
    "connectionReferences": {
      "shared_commondataserviceforapps_1": {
        "runtimeSource": "embedded",
        "connection": {
          "connectionReferenceLogicalName": "tal_sharedcommondataserviceforapps_fdaa6"
        },
        "api": {
          "name": "shared_commondataserviceforapps"
        }
      }
    },
    "definition": {
      "$schema": "https://schema.management.azure.com/providers/Microsoft.Logic/schemas/2016-06-01/workflowdefinition.json#",
      "contentVersion": "1.0.0.0",
      "parameters": {
        "$connections": {
          "defaultValue": {},
          "type": "Object"
        },
        "$authentication": {
          "defaultValue": {},
          "type": "SecureObject"
        }
      },
      "triggers": {
        "Recurrence": {
          "recurrence": {
            "frequency": "Day",
            "interval": 1,
            "timeZone": "Romance Standard Time",
            "startTime": "2022-10-11T08:00:00Z",
            "schedule": {
              "hours": [
                "5"
              ]
            }
          },
          "metadata": {
            "operationMetadataId": "1c018c93-9943-44fd-81bc-547e709a7ddd"
          },
          "type": "Recurrence"
        }
      },
      "actions": {
        "Select_value_NomEquipe": {
          "runAfter": {
            "List_Profils_rows": [
              "Succeeded"
            ]
          },
          "metadata": {
            "operationMetadataId": "cd486ee7-f366-4681-bd59-f865cde69f3d"
          },
          "type": "Select",
          "inputs": {
            "from": "@outputs('List_Profils_rows')?['body/value']",
            "select": {
              "NomEquipe": "@item()?['tal_nomequipe']"
            }
          }
        },
        "Message_-_Union": {
          "runAfter": {
            "Select_value_NomEquipe": [
              "Succeeded"
            ]
          },
          "metadata": {
            "operationMetadataId": "39567a54-f4d9-4841-aec6-d34f378e0933"
          },
          "type": "Compose",
          "inputs": "@union(body('Select_value_NomEquipe'), body('Select_value_NomEquipe'))"
        },
        "Analyze_the_JSON": {
          "runAfter": {
            "Message_-_Union": [
              "Succeeded"
            ]
          },
          "metadata": {
            "operationMetadataId": "fe5675c4-6b6d-4e9f-b4de-af5335a4ed30"
          },
          "type": "ParseJson",
          "inputs": {
            "content": "@outputs('Message_-_Union')",
            "schema": {
              "type": "array",
              "items": {
                "type": "object",
                "properties": {
                  "NomEquipe": {
                    "type": [
                      "string",
                      "null"
                    ]
                  }
                },
                "required": [
                  "NomEquipe"
                ]
              }
            }
          }
        },
        "List_the_ProductionCO2Team_rows": {
          "runAfter": {
            "Initialize_the_variable_gainBonus": [
              "Succeeded"
            ]
          },
          "metadata": {
            "operationMetadataId": "6b99edce-77a4-42a5-b636-1baf70b09a73"
          },
          "type": "OpenApiConnection",
          "inputs": {
            "host": {
              "connectionName": "shared_commondataserviceforapps_1",
              "operationId": "ListRecords",
              "apiId": "/providers/Microsoft.PowerApps/apis/shared_commondataserviceforapps"
            },
            "parameters": {
              "entityName": "tal_productionco2equipes"
            },
            "authentication": "@parameters('$authentication')"
          }
        },
        "Apply_to_each_one": {
          "foreach": "@outputs('List_the_ProductionCO2Team_rows')?['body/value']",
          "actions": {
            "Delete_a_row": {
              "runAfter": {},
              "metadata": {
                "operationMetadataId": "fac6e375-ccae-4a2c-9ea8-4d476dc3f685"
              },
              "type": "OpenApiConnection",
              "inputs": {
                "host": {
                  "connectionName": "shared_commondataserviceforapps_1",
                  "operationId": "DeleteRecord",
                  "apiId": "/providers/Microsoft.PowerApps/apis/shared_commondataserviceforapps"
                },
                "parameters": {
                  "entityName": "tal_productionco2equipes",
                  "recordId": "@items('Apply_to_each_one')?['tal_productionco2equipeid']"
                },
                "authentication": "@parameters('$authentication')"
              }
            }
          },
          "runAfter": {
            "List_the_ProductionCO2Team_rows": [
              "Succeeded"
            ]
          },
          "metadata": {
            "operationMetadataId": "b7b4b920-420b-4a4b-8d7d-ab80a4ed0c95"
          },
          "type": "Foreach",
          "runtimeConfiguration": {
            "concurrency": {
              "repetitions": 50
            }
          }
        },
        "Apply_to_each_one_3": {
          "foreach": "@body('Analyze_the_JSON')",
          "actions": {
            "List_Profils_rows_2": {
              "runAfter": {},
              "metadata": {
                "operationMetadataId": "6b99edce-77a4-42a5-b636-1baf70b09a73"
              },
              "type": "OpenApiConnection",
              "inputs": {
                "host": {
                  "connectionName": "shared_commondataserviceforapps_1",
                  "operationId": "ListRecords",
                  "apiId": "/providers/Microsoft.PowerApps/apis/shared_commondataserviceforapps"
                },
                "parameters": {
                  "entityName": "tal_profilses",
                  "$filter": "tal_nomequipe eq '@{items('Apply_to_each_one_3')['NomEquipe']}'"
                },
                "authentication": "@parameters('$authentication')"
              }
            },
            "Appliquer_à_chacun_4": {
              "foreach": "@outputs('List_Profils_rows_2')?['body/value']",
              "actions": {
                "Increment_sumProductionCO2Equipe_variable": {
                  "runAfter": {},
                  "metadata": {
                    "operationMetadataId": "e35de9eb-ba11-499a-9254-33a3a867097c"
                  },
                  "type": "IncrementVariable",
                  "inputs": {
                    "name": "sumProductionCO2Equipe",
                    "value": "@items('Appliquer_à_chacun_4')?['tal_productionactuelle']"
                  }
                },
                "Define_sumMailsSupp": {
                  "runAfter": {
                    "Message_-_Add_sumMailsSupp": [
                      "Succeeded"
                    ]
                  },
                  "metadata": {
                    "operationMetadataId": "de594058-f887-4057-a1ad-a6e775c537ee"
                  },
                  "type": "SetVariable",
                  "inputs": {
                    "name": "sumMailsSupp",
                    "value": "@outputs('Message_-_Add_sumMailsSupp')"
                  }
                },
                "Define_sumDocsSupp_variable": {
                  "runAfter": {
                    "Message_-_Add_sumdocsSupp": [
                      "Succeeded"
                    ]
                  },
                  "metadata": {
                    "operationMetadataId": "309ab09d-257f-47ac-af3b-d0205e3d15a9"
                  },
                  "type": "SetVariable",
                  "inputs": {
                    "name": "sumDocsSupp",
                    "value": "@outputs('Message_-_Add_sumdocsSupp')"
                  }
                },
                "Message_-_Add_sumMailsSupp": {
                  "runAfter": {
                    "Increment_sumProductionCO2Equipe_variable": [
                      "Succeeded"
                    ]
                  },
                  "metadata": {
                    "operationMetadataId": "5c5cd39d-a731-4346-b523-69aed409ccfc"
                  },
                  "type": "Compose",
                  "inputs": "@add(variables('sumMailsSupp'),if(equals(items('Appliquer_à_chacun_4')?['tal_nbrmailssupp'],null),0,items('Appliquer_à_chacun_4')?['tal_nbrmailssupp']))"
                },
                "Message_-_Add_sumdocsSupp": {
                  "runAfter": {
                    "Define_sumMailsSupp": [
                      "Succeeded"
                    ]
                  },
                  "metadata": {
                    "operationMetadataId": "f60508d6-d9a4-495c-bffd-873e88aa258f"
                  },
                  "type": "Compose",
                  "inputs": "@add(variables('sumDocsSupp'),if(equals(items('Appliquer_à_chacun_4')?['tal_nbrdocsupp'],null),0,items('Appliquer_à_chacun_4')?['tal_nbrdocsupp']))"
                },
                "Message_-_Add_tailleDocsSupp": {
                  "runAfter": {
                    "Define_sumDocsSupp_variable": [
                      "Succeeded"
                    ]
                  },
                  "metadata": {
                    "operationMetadataId": "f60508d6-d9a4-495c-bffd-873e88aa258f"
                  },
                  "type": "Compose",
                  "inputs": "@add(variables('tailleDocsSupp'), if(equals(items('Appliquer_à_chacun_4')?['tal_tailledocssupp'], null), 0,items('Appliquer_à_chacun_4')?['tal_tailledocssupp']))"
                },
                "DefinetailleDocsSupp_variable": {
                  "runAfter": {
                    "Message_-_Add_tailleDocsSupp": [
                      "Succeeded"
                    ]
                  },
                  "metadata": {
                    "operationMetadataId": "317822c0-d532-47ae-b13b-1c3964f635b4"
                  },
                  "type": "SetVariable",
                  "inputs": {
                    "name": "tailleDocsSupp",
                    "value": "@outputs('Message_-_Add_tailleDocsSupp')"
                  }
                },
                "Message_-_Add_tailleMailsSupp": {
                  "runAfter": {
                    "DefinetailleDocsSupp_variable": [
                      "Succeeded"
                    ]
                  },
                  "metadata": {
                    "operationMetadataId": "f60508d6-d9a4-495c-bffd-873e88aa258f"
                  },
                  "type": "Compose",
                  "inputs": "@add(variables('tailleMailsSupp'), if(equals(items('Appliquer_à_chacun_4')?['tal_taillemailssupp'], null), 0,items('Appliquer_à_chacun_4')?['tal_taillemailssupp']))"
                },
                "Define_tailleMailsSupp_variable": {
                  "runAfter": {
                    "Message_-_Add_tailleMailsSupp": [
                      "Succeeded"
                    ]
                  },
                  "metadata": {
                    "operationMetadataId": "2c252703-57de-4c35-b760-123fc518a3dc"
                  },
                  "type": "SetVariable",
                  "inputs": {
                    "name": "tailleMailsSupp",
                    "value": "@outputs('Message_-_Add_tailleMailsSupp')"
                  }
                },
                "Message_-_Add_gainBonus": {
                  "runAfter": {
                    "Define_tailleMailsSupp_variable": [
                      "Succeeded"
                    ]
                  },
                  "metadata": {
                    "operationMetadataId": "e2398c33-2adc-4cf7-b4fe-50932fc47cca"
                  },
                  "type": "Compose",
                  "inputs": "@add(variables('gainBonus'),if(equals(items('Appliquer_à_chacun_4')?['tal_gainbonus'],null),0,items('Appliquer_à_chacun_4')?['tal_gainbonus']))"
                },
                "Define_gainBonus_variable": {
                  "runAfter": {
                    "Message_-_Add_gainBonus": [
                      "Succeeded"
                    ]
                  },
                  "metadata": {
                    "operationMetadataId": "8949bdc2-8acf-448d-ba56-1d4c752e7dbc"
                  },
                  "type": "SetVariable",
                  "inputs": {
                    "name": "gainBonus",
                    "value": "@int(outputs('Message_-_Add_gainBonus'))"
                  }
                }
              },
              "runAfter": {
                "List_Profils_rows_2": [
                  "Succeeded"
                ]
              },
              "metadata": {
                "operationMetadataId": "d5a23660-edfc-422b-acfe-0b96cd9e144a"
              },
              "type": "Foreach"
            },
            "Define_sumProductionCO2Equipe_variable": {
              "runAfter": {
                "Add_new_ProductionCO2Equipe_row": [
                  "Succeeded"
                ]
              },
              "metadata": {
                "operationMetadataId": "654c0e09-ede5-4bc6-88aa-6171d265f503"
              },
              "type": "SetVariable",
              "inputs": {
                "name": "sumProductionCO2Equipe",
                "value": 0
              }
            },
            "Add_new_ProductionCO2Equipe_row": {
              "runAfter": {
                "Appliquer_à_chacun_4": [
                  "Succeeded"
                ]
              },
              "metadata": {
                "operationMetadataId": "6c5fd90c-6d77-4c44-beb2-6dccb15b42a2"
              },
              "type": "OpenApiConnection",
              "inputs": {
                "host": {
                  "connectionName": "shared_commondataserviceforapps_1",
                  "operationId": "CreateRecord",
                  "apiId": "/providers/Microsoft.PowerApps/apis/shared_commondataserviceforapps"
                },
                "parameters": {
                  "entityName": "tal_productionco2equipes",
                  "item/tal_nomequipe": "@items('Apply_to_each_one_3')['NomEquipe']",
                  "item/tal_gainbonus": "@variables('gainBonus')",
                  "item/tal_moyenne": "@div(variables('sumProductionCO2Equipe'),length(array(outputs('List_Profils_rows_2')?['body/value'])))",
                  "item/tal_nbsuppdocs": "@variables('sumDocsSupp')",
                  "item/tal_nbsuppmails": "@variables('sumMailsSupp')",
                  "item/tal_tailledocssupp": "@div(variables('tailleDocsSupp'),1000000)",
                  "item/tal_taillemailssupp": "@div(variables('tailleMailsSupp'),1000000)"
                },
                "authentication": "@parameters('$authentication')"
              }
            },
            "Define_sumMailsSupp2_variable": {
              "runAfter": {
                "Define_sumProductionCO2Equipe_variable": [
                  "Succeeded"
                ]
              },
              "metadata": {
                "operationMetadataId": "654c0e09-ede5-4bc6-88aa-6171d265f503"
              },
              "type": "SetVariable",
              "inputs": {
                "name": "sumMailsSupp",
                "value": 0
              }
            },
            "Define_sumDocsSupp2_variable": {
              "runAfter": {
                "Define_sumMailsSupp2_variable": [
                  "Succeeded"
                ]
              },
              "metadata": {
                "operationMetadataId": "654c0e09-ede5-4bc6-88aa-6171d265f503"
              },
              "type": "SetVariable",
              "inputs": {
                "name": "sumDocsSupp",
                "value": 0
              }
            },
            "Define_tailleMailsSupp2_variable": {
              "runAfter": {
                "Define_sumDocsSupp2_variable": [
                  "Succeeded"
                ]
              },
              "metadata": {
                "operationMetadataId": "309ab09d-257f-47ac-af3b-d0205e3d15a9"
              },
              "type": "SetVariable",
              "inputs": {
                "name": "tailleMailsSupp",
                "value": 0
              }
            },
            "Define_tailleDocsSupp2_variable": {
              "runAfter": {
                "Define_tailleMailsSupp2_variable": [
                  "Succeeded"
                ]
              },
              "metadata": {
                "operationMetadataId": "309ab09d-257f-47ac-af3b-d0205e3d15a9"
              },
              "type": "SetVariable",
              "inputs": {
                "name": "tailleDocsSupp",
                "value": 0
              }
            },
            "Define_gainBonus2_variable": {
              "runAfter": {
                "Define_tailleDocsSupp2_variable": [
                  "Succeeded"
                ]
              },
              "metadata": {
                "operationMetadataId": "5c330d93-6b05-44ec-ab38-3c3416dc5fbc"
              },
              "type": "SetVariable",
              "inputs": {
                "name": "gainBonus",
                "value": 0
              }
            }
          },
          "runAfter": {
            "Analyze_the_JSON": [
              "Succeeded"
            ],
            "Apply_to_each_one": [
              "Succeeded"
            ]
          },
          "metadata": {
            "operationMetadataId": "2ebde4f5-a2aa-4c73-8c34-b040dbff21f0"
          },
          "type": "Foreach"
        },
        "Initialize_the_variable_ProdCO2": {
          "runAfter": {},
          "metadata": {
            "operationMetadataId": "3a6ca3f2-5cf7-49c5-b97c-416d3f5b895b"
          },
          "type": "InitializeVariable",
          "inputs": {
            "variables": [
              {
                "name": "sumProductionCO2Equipe",
                "type": "float",
                "value": 0
              }
            ]
          }
        },
        "Initialize_the_variable_nbDocsSupp": {
          "runAfter": {
            "Initialize_the_variable_ProdCO2": [
              "Succeeded"
            ]
          },
          "metadata": {
            "operationMetadataId": "3a6ca3f2-5cf7-49c5-b97c-416d3f5b895b"
          },
          "type": "InitializeVariable",
          "inputs": {
            "variables": [
              {
                "name": "sumDocsSupp",
                "type": "integer",
                "value": 0
              }
            ]
          }
        },
        "Initialize_the_variable_nbMailsSupp": {
          "runAfter": {
            "Initialize_the_variable_nbDocsSupp": [
              "Succeeded"
            ]
          },
          "metadata": {
            "operationMetadataId": "3a6ca3f2-5cf7-49c5-b97c-416d3f5b895b"
          },
          "type": "InitializeVariable",
          "inputs": {
            "variables": [
              {
                "name": "sumMailsSupp",
                "type": "integer",
                "value": 0
              }
            ]
          }
        },
        "Initialize_the_variable_tailleDocsSupp": {
          "runAfter": {
            "Initialize_the_variable_nbMailsSupp": [
              "Succeeded"
            ]
          },
          "metadata": {
            "operationMetadataId": "3a6ca3f2-5cf7-49c5-b97c-416d3f5b895b"
          },
          "type": "InitializeVariable",
          "inputs": {
            "variables": [
              {
                "name": "tailleDocsSupp",
                "type": "integer"
              }
            ]
          }
        },
        "Initialize_the_variable_tailleMailsSupp": {
          "runAfter": {
            "Initialize_the_variable_tailleDocsSupp": [
              "Succeeded"
            ]
          },
          "metadata": {
            "operationMetadataId": "7080916e-e151-4a0c-9438-ac5481ef0e65"
          },
          "type": "InitializeVariable",
          "inputs": {
            "variables": [
              {
                "name": "tailleMailsSupp",
                "type": "integer"
              }
            ]
          }
        },
        "Initialize_the_variable_gainBonus": {
          "runAfter": {
            "Initialize_the_variable_tailleMailsSupp": [
              "Succeeded"
            ]
          },
          "metadata": {
            "operationMetadataId": "7e69f737-bbed-4a32-b32b-cc215fa67907"
          },
          "type": "InitializeVariable",
          "inputs": {
            "variables": [
              {
                "name": "gainBonus",
                "type": "integer"
              }
            ]
          }
        },
        "List_Profils_rows": {
          "runAfter": {
            "Initialize_the_variable_gainBonus": [
              "Succeeded"
            ]
          },
          "metadata": {
            "operationMetadataId": "7a123153-4f44-439b-913f-419ccf228a4c"
          },
          "type": "OpenApiConnection",
          "inputs": {
            "host": {
              "connectionName": "shared_commondataserviceforapps_1",
              "operationId": "ListRecords",
              "apiId": "/providers/Microsoft.PowerApps/apis/shared_commondataserviceforapps"
            },
            "parameters": {
              "entityName": "tal_profilses",
              "$select": "tal_nomequipe",
              "$filter": "tal_nomequipe ne null"
            },
            "authentication": "@parameters('$authentication')"
          }
        }
      }
    },
    "templateName": ""
  },
  "schemaVersion": "1.0.0.0"
}