{
  "properties": {
    "connectionReferences": {
      "shared_onedriveforbusiness_1": {
        "runtimeSource": "invoker",
        "connection": {
          "connectionReferenceLogicalName": "tal_sharedonedriveforbusiness_0b21b"
        },
        "api": {
          "name": "shared_onedriveforbusiness"
        }
      },
      "shared_office365": {
        "runtimeSource": "invoker",
        "connection": {
          "connectionReferenceLogicalName": "tal_sharedoffice365_4967f"
        },
        "api": {
          "name": "shared_office365"
        }
      },
      "shared_commondataserviceforapps": {
        "runtimeSource": "embedded",
        "connection": {
          "connectionReferenceLogicalName": "tal_sharedcommondataserviceforapps_fdaa6"
        },
        "api": {
          "name": "shared_commondataserviceforapps"
        }
      }
    },
    "definition": {
      "$schema": "https://schema.management.azure.com/providers/Microsoft.Logic/schemas/2016-06-01/workflowdefinition.json#",
      "contentVersion": "1.0.0.0",
      "parameters": {
        "$connections": {
          "defaultValue": {},
          "type": "Object"
        },
        "$authentication": {
          "defaultValue": {},
          "type": "SecureObject"
        }
      },
      "triggers": {
        "manual": {
          "metadata": {
            "operationMetadataId": "39149665-b24e-478c-8ea4-42deb08de6f8"
          },
          "type": "Request",
          "kind": "PowerAppV2",
          "inputs": {
            "schema": {
              "type": "object",
              "properties": {
                "text": {
                  "title": "IDs",
                  "type": "string",
                  "x-ms-dynamically-added": true,
                  "description": "Tapez votre entrée",
                  "x-ms-content-hint": "TEXT"
                },
                "boolean": {
                  "title": "Oui/non",
                  "type": "boolean",
                  "x-ms-dynamically-added": true,
                  "description": "Sélectionnez Oui ou Non",
                  "x-ms-content-hint": "BOOLEAN"
                }
              },
              "required": [
                "text",
                "boolean"
              ]
            }
          }
        }
      },
      "actions": {
        "Condition_Archive": {
          "actions": {
            "List_file_in_folder": {
              "runAfter": {},
              "metadata": {
                "6e202211-2856-4d17-9ded-5beb8b8626b0": "/",
                "operationMetadataId": "4e241d7f-18af-4199-85e4-21e3ce055a4d"
              },
              "type": "OpenApiConnection",
              "inputs": {
                "host": {
                  "connectionName": "shared_onedriveforbusiness_1",
                  "operationId": "ListFolderV2",
                  "apiId": "/providers/Microsoft.PowerApps/apis/shared_onedriveforbusiness"
                },
                "parameters": {
                  "id": "6e202211-2856-4d17-9ded-5beb8b8626b0"
                },
                "authentication": "@parameters('$authentication')"
              }
            },
            "Filter_if_folder": {
              "runAfter": {
                "List_file_in_folder": [
                  "Succeeded"
                ]
              },
              "metadata": {
                "operationMetadataId": "6a41439d-2c76-4dca-b9c8-59e36b0193f3"
              },
              "type": "Query",
              "inputs": {
                "from": "@outputs('List_file_in_folder')?['body/value']",
                "where": "@equals(item()?['IsFolder'], true)"
              }
            },
            "Filter_folder_name_Archive_Mails": {
              "runAfter": {
                "Filter_if_folder": [
                  "Succeeded"
                ]
              },
              "metadata": {
                "operationMetadataId": "8a8c555d-3061-4c2d-8fad-0871482a2c9e"
              },
              "type": "Query",
              "inputs": {
                "from": "@body('Filter_if_folder')",
                "where": "@equals(item()?['Name'], 'Archive Mails')"
              }
            },
            "Condition_folder_empty": {
              "actions": {
                "Create_file_archive": {
                  "runAfter": {},
                  "metadata": {
                    "operationMetadataId": "07a1cd39-19a8-4c7f-a832-43d54e8e65b8"
                  },
                  "type": "OpenApiConnection",
                  "inputs": {
                    "host": {
                      "connectionName": "shared_onedriveforbusiness_1",
                      "operationId": "CreateFile",
                      "apiId": "/providers/Microsoft.PowerApps/apis/shared_onedriveforbusiness"
                    },
                    "parameters": {
                      "folderPath": "/Archive Mails",
                      "name": "fileText",
                      "body": "abc"
                    },
                    "authentication": "@parameters('$authentication')"
                  },
                  "runtimeConfiguration": {
                    "contentTransfer": {
                      "transferMode": "Chunked"
                    }
                  }
                },
                "Delete_old_file": {
                  "runAfter": {
                    "Create_file_archive": [
                      "Succeeded"
                    ]
                  },
                  "metadata": {
                    "operationMetadataId": "1e90d614-4fd2-406f-b04d-5cf1f7be67fd"
                  },
                  "type": "OpenApiConnection",
                  "inputs": {
                    "host": {
                      "connectionName": "shared_onedriveforbusiness_1",
                      "operationId": "DeleteFile",
                      "apiId": "/providers/Microsoft.PowerApps/apis/shared_onedriveforbusiness"
                    },
                    "parameters": {
                      "id": "@outputs('Create_file_archive')?['body/Id']"
                    },
                    "authentication": "@parameters('$authentication')"
                  }
                }
              },
              "runAfter": {
                "Filter_folder_name_Archive_Mails": [
                  "Succeeded"
                ]
              },
              "expression": {
                "equals": [
                  "@empty(body('Filter_folder_name_Archive_Mails'))",
                  "@true"
                ]
              },
              "metadata": {
                "operationMetadataId": "635d9a12-fff2-46db-b23a-fe68cbc27c2a"
              },
              "type": "If"
            },
            "Apply_to_each_mail": {
              "foreach": "@split(triggerBody()['text'], ',')",
              "actions": {
                "Get_Mail": {
                  "runAfter": {},
                  "metadata": {
                    "operationMetadataId": "586ea525-85af-4bd5-8977-19c6639c3b5a"
                  },
                  "type": "OpenApiConnection",
                  "inputs": {
                    "host": {
                      "connectionName": "shared_office365",
                      "operationId": "GetEmailV2",
                      "apiId": "/providers/Microsoft.PowerApps/apis/shared_office365"
                    },
                    "parameters": {
                      "messageId": "@items('Apply_to_each_mail')",
                      "mailboxAddress": "@{triggerOutputs()['headers']['x-ms-user-email']};",
                      "includeAttachments": true
                    },
                    "authentication": "@parameters('$authentication')"
                  }
                },
                "Delete_Mail": {
                  "runAfter": {
                    "Condition_Has_Attachment": [
                      "Succeeded"
                    ]
                  },
                  "metadata": {
                    "operationMetadataId": "a516b34f-9cd8-42a1-bc19-8eebaf2109ef"
                  },
                  "type": "OpenApiConnection",
                  "inputs": {
                    "host": {
                      "connectionName": "shared_office365",
                      "operationId": "DeleteEmail_V2",
                      "apiId": "/providers/Microsoft.PowerApps/apis/shared_office365"
                    },
                    "parameters": {
                      "messageId": "@items('Apply_to_each_mail')",
                      "mailboxAddress": "@{triggerOutputs()['headers']['x-ms-user-email']};"
                    },
                    "authentication": "@parameters('$authentication')"
                  }
                },
                "Condition_Has_Attachment": {
                  "actions": {
                    "Create_file_in_ArchiveMail": {
                      "runAfter": {},
                      "metadata": {
                        "operationMetadataId": "07a1cd39-19a8-4c7f-a832-43d54e8e65b8"
                      },
                      "type": "OpenApiConnection",
                      "inputs": {
                        "host": {
                          "connectionName": "shared_onedriveforbusiness_1",
                          "operationId": "CreateFile",
                          "apiId": "/providers/Microsoft.PowerApps/apis/shared_onedriveforbusiness"
                        },
                        "parameters": {
                          "folderPath": "/Archive Mails/@{if(empty(outputs('Get_Mail')?['body/subject']),'Mail sans objet',replace(replace(replace(replace(replace(replace(replace(replace(replace(replace(outputs('Get_Mail')?['body/subject'],'\"',''),'*',''),':',''),'<',''),'>',''),'?',''),'/',''),'\\',''),'|',''),'.',''))}",
                          "name": "fileText",
                          "body": "abc"
                        },
                        "authentication": "@parameters('$authentication')"
                      },
                      "runtimeConfiguration": {
                        "contentTransfer": {
                          "transferMode": "Chunked"
                        }
                      }
                    },
                    "Delete_oldFile": {
                      "runAfter": {
                        "Create_file_in_ArchiveMail": [
                          "Succeeded"
                        ]
                      },
                      "metadata": {
                        "operationMetadataId": "1e90d614-4fd2-406f-b04d-5cf1f7be67fd"
                      },
                      "type": "OpenApiConnection",
                      "inputs": {
                        "host": {
                          "connectionName": "shared_onedriveforbusiness_1",
                          "operationId": "DeleteFile",
                          "apiId": "/providers/Microsoft.PowerApps/apis/shared_onedriveforbusiness"
                        },
                        "parameters": {
                          "id": "@outputs('Create_file_in_ArchiveMail')?['body/Id']"
                        },
                        "authentication": "@parameters('$authentication')"
                      }
                    },
                    "Apply_to_each_Attchment": {
                      "foreach": "@outputs('Get_Mail')?['body/attachments']",
                      "actions": {
                        "Create_Attchement_in_ArchiveMails": {
                          "runAfter": {},
                          "metadata": {
                            "operationMetadataId": "1e799757-2f0b-47ce-a515-a0f3894f2f25"
                          },
                          "type": "OpenApiConnection",
                          "inputs": {
                            "host": {
                              "connectionName": "shared_onedriveforbusiness_1",
                              "operationId": "CreateFile",
                              "apiId": "/providers/Microsoft.PowerApps/apis/shared_onedriveforbusiness"
                            },
                            "parameters": {
                              "folderPath": "/Archive Mails/@{if(empty(outputs('Get_Mail')?['body/subject']),'Mail sans objet',replace(replace(replace(replace(replace(replace(replace(replace(replace(replace(outputs('Get_Mail')?['body/subject'],'\"',''),'*',''),':',''),'<',''),'>',''),'?',''),'/',''),'\\',''),'|',''),'.',''))}",
                              "name": "@items('Apply_to_each_Attchment')?['name']",
                              "body": "@items('Apply_to_each_Attchment')?['contentBytes']"
                            },
                            "authentication": "@parameters('$authentication')"
                          },
                          "runtimeConfiguration": {
                            "contentTransfer": {
                              "transferMode": "Chunked"
                            }
                          }
                        }
                      },
                      "runAfter": {
                        "Delete_oldFile": [
                          "Succeeded"
                        ]
                      },
                      "metadata": {
                        "operationMetadataId": "dbceeab8-e5e0-4ea6-afa8-95d1f1b08308"
                      },
                      "type": "Foreach"
                    }
                  },
                  "runAfter": {
                    "Apply_to_each_Attachment": [
                      "Succeeded"
                    ]
                  },
                  "expression": {
                    "equals": [
                      "",
                      "@true"
                    ]
                  },
                  "metadata": {
                    "operationMetadataId": "ebef0d90-f8ed-4008-ab29-0d4fc754d4ac"
                  },
                  "type": "If"
                },
                "Apply_to_each_Attachment": {
                  "foreach": "@outputs('Get_Mail')?['body/attachments']",
                  "actions": {
                    "Increment_Var_taillsMailSupp": {
                      "runAfter": {},
                      "metadata": {
                        "operationMetadataId": "8556bbc6-c73f-4d28-86a4-0ee91e524d1c"
                      },
                      "type": "IncrementVariable",
                      "inputs": {
                        "name": "taillsMailsSupp",
                        "value": "@items('Apply_to_each_Attachment')?['size']"
                      }
                    }
                  },
                  "runAfter": {
                    "Get_Mail": [
                      "Succeeded"
                    ]
                  },
                  "metadata": {
                    "operationMetadataId": "ed0036c5-8295-4962-b956-ae84beb29a21"
                  },
                  "type": "Foreach"
                }
              },
              "runAfter": {
                "Condition_folder_empty": [
                  "Succeeded"
                ]
              },
              "metadata": {
                "operationMetadataId": "c5dcec6b-5aa0-4fac-bd8f-6cb1f955cafa"
              },
              "type": "Foreach",
              "runtimeConfiguration": {
                "concurrency": {
                  "repetitions": 50
                }
              }
            },
            "Get_Profil_User": {
              "runAfter": {
                "Apply_to_each_mail": [
                  "Succeeded"
                ]
              },
              "metadata": {
                "operationMetadataId": "d8ad2488-e58f-4e8a-8fce-0ecda254a58f"
              },
              "type": "OpenApiConnection",
              "inputs": {
                "host": {
                  "connectionName": "shared_commondataserviceforapps",
                  "operationId": "ListRecords",
                  "apiId": "/providers/Microsoft.PowerApps/apis/shared_commondataserviceforapps"
                },
                "parameters": {
                  "entityName": "tal_profilses",
                  "$filter": "emailaddress eq '@{triggerOutputs()['headers']['x-ms-user-email']}'\n",
                  "$top": 1
                },
                "authentication": "@parameters('$authentication')"
              },
              "runtimeConfiguration": {
                "paginationPolicy": {
                  "minimumItemCount": 100000
                }
              }
            },
            "Get_LineProfil": {
              "foreach": "@outputs('Get_Profil_User')?['body/value']",
              "actions": {
                "Update_Profil": {
                  "runAfter": {},
                  "metadata": {
                    "operationMetadataId": "d37ff9d7-5c61-43ab-9b32-d133ed4679f7"
                  },
                  "type": "OpenApiConnection",
                  "inputs": {
                    "host": {
                      "connectionName": "shared_commondataserviceforapps",
                      "operationId": "UpdateRecord",
                      "apiId": "/providers/Microsoft.PowerApps/apis/shared_commondataserviceforapps"
                    },
                    "parameters": {
                      "entityName": "tal_profilses",
                      "recordId": "@items('Get_LineProfil')?['tal_profilsid']",
                      "item/tal_nbrmailssupp": "@if(equals(items('Get_LineProfil')?['tal_nbrmailssupp'], null), variables('countMails'), add(items('Get_LineProfil')?['tal_nbrmailssupp'], variables('countMails')))",
                      "item/tal_taillemailssupp": "@if(equals(items('Get_LineProfil')?['tal_taillemailssupp'], null), variables('taillsMailsSupp'), add(items('Get_LineProfil')?['tal_taillemailssupp'], variables('taillsMailsSupp')))"
                    },
                    "authentication": "@parameters('$authentication')"
                  }
                }
              },
              "runAfter": {
                "Get_Profil_User": [
                  "Succeeded"
                ]
              },
              "metadata": {
                "operationMetadataId": "1919ddf2-06f6-42f0-a1b9-88d8cf724b0c"
              },
              "type": "Foreach"
            },
            "Répondre_à_une_instance_PowerApp_ou_à_un_flux": {
              "runAfter": {
                "Get_LineProfil": [
                  "Succeeded"
                ]
              },
              "metadata": {
                "operationMetadataId": "1fb8bd82-ca49-4fc9-a42f-1f754699c18d"
              },
              "type": "Response",
              "kind": "PowerApp",
              "inputs": {
                "statusCode": 200,
                "body": {},
                "schema": {
                  "type": "object",
                  "properties": {}
                }
              }
            }
          },
          "runAfter": {
            "Initialise_var_taillsMailSupp": [
              "Succeeded"
            ]
          },
          "else": {
            "actions": {
              "Apply_to_each_Mail_2": {
                "foreach": "@split(triggerBody()['text'], ',')",
                "actions": {
                  "Supprimer_l'e-mail_(v2)_2": {
                    "runAfter": {
                      "Appliquer_à_chacun_7": [
                        "Succeeded"
                      ]
                    },
                    "metadata": {
                      "operationMetadataId": "a516b34f-9cd8-42a1-bc19-8eebaf2109ef"
                    },
                    "type": "OpenApiConnection",
                    "inputs": {
                      "host": {
                        "connectionName": "shared_office365",
                        "operationId": "DeleteEmail_V2",
                        "apiId": "/providers/Microsoft.PowerApps/apis/shared_office365"
                      },
                      "parameters": {
                        "messageId": "@items('Apply_to_each_Mail_2')",
                        "mailboxAddress": "@{triggerOutputs()['headers']['x-ms-user-email']};"
                      },
                      "authentication": "@parameters('$authentication')"
                    }
                  },
                  "Obtenir_un_e-mail_(V2)_3": {
                    "runAfter": {},
                    "metadata": {
                      "operationMetadataId": "68c311f1-11cf-4c7c-a07e-ab13247cf661"
                    },
                    "type": "OpenApiConnection",
                    "inputs": {
                      "host": {
                        "connectionName": "shared_office365",
                        "operationId": "GetEmailV2",
                        "apiId": "/providers/Microsoft.PowerApps/apis/shared_office365"
                      },
                      "parameters": {
                        "messageId": "@items('Apply_to_each_Mail_2')",
                        "mailboxAddress": "@{triggerOutputs()['headers']['x-ms-user-email']};",
                        "includeAttachments": false
                      },
                      "authentication": "@parameters('$authentication')"
                    }
                  },
                  "Appliquer_à_chacun_7": {
                    "foreach": "@outputs('Obtenir_un_e-mail_(V2)_3')?['body/attachments']",
                    "actions": {
                      "Incrémenter_une_variable_2": {
                        "runAfter": {},
                        "metadata": {
                          "operationMetadataId": "8556bbc6-c73f-4d28-86a4-0ee91e524d1c"
                        },
                        "type": "IncrementVariable",
                        "inputs": {
                          "name": "taillsMailsSupp",
                          "value": "@items('Appliquer_à_chacun_7')?['size']"
                        }
                      }
                    },
                    "runAfter": {
                      "Obtenir_un_e-mail_(V2)_3": [
                        "Succeeded"
                      ]
                    },
                    "metadata": {
                      "operationMetadataId": "ed0036c5-8295-4962-b956-ae84beb29a21"
                    },
                    "type": "Foreach"
                  }
                },
                "runAfter": {},
                "metadata": {
                  "operationMetadataId": "c5dcec6b-5aa0-4fac-bd8f-6cb1f955cafa"
                },
                "type": "Foreach",
                "runtimeConfiguration": {
                  "concurrency": {
                    "repetitions": 50
                  }
                }
              },
              "Get_Profil_2": {
                "runAfter": {
                  "Apply_to_each_Mail_2": [
                    "Succeeded"
                  ]
                },
                "metadata": {
                  "operationMetadataId": "d8ad2488-e58f-4e8a-8fce-0ecda254a58f"
                },
                "type": "OpenApiConnection",
                "inputs": {
                  "host": {
                    "connectionName": "shared_commondataserviceforapps",
                    "operationId": "ListRecords",
                    "apiId": "/providers/Microsoft.PowerApps/apis/shared_commondataserviceforapps"
                  },
                  "parameters": {
                    "entityName": "tal_profilses",
                    "$filter": "emailaddress eq '@{triggerOutputs()['headers']['x-ms-user-email']}'\n",
                    "$top": 1
                  },
                  "authentication": "@parameters('$authentication')"
                },
                "runtimeConfiguration": {
                  "paginationPolicy": {
                    "minimumItemCount": 100000
                  }
                }
              },
              "Get_LineProfil_2": {
                "foreach": "@outputs('Get_Profil_2')?['body/value']",
                "actions": {
                  "Update_Profil_2": {
                    "runAfter": {},
                    "metadata": {
                      "operationMetadataId": "d37ff9d7-5c61-43ab-9b32-d133ed4679f7"
                    },
                    "type": "OpenApiConnection",
                    "inputs": {
                      "host": {
                        "connectionName": "shared_commondataserviceforapps",
                        "operationId": "UpdateRecord",
                        "apiId": "/providers/Microsoft.PowerApps/apis/shared_commondataserviceforapps"
                      },
                      "parameters": {
                        "entityName": "tal_profilses",
                        "recordId": "@items('Get_LineProfil_2')?['tal_profilsid']",
                        "item/tal_nbrmailssupp": "@if(equals(items('Get_LineProfil_2')?['tal_nbrmailssupp'], null), variables('countMails'), add(items('Get_LineProfil_2')?['tal_nbrmailssupp'], variables('countMails')))",
                        "item/tal_taillemailssupp": "@if(equals(items('Get_LineProfil_2')?['tal_taillemailssupp'], null), variables('taillsMailsSupp'), add(items('Get_LineProfil_2')?['tal_taillemailssupp'], variables('taillsMailsSupp')))"
                      },
                      "authentication": "@parameters('$authentication')"
                    }
                  }
                },
                "runAfter": {
                  "Get_Profil_2": [
                    "Succeeded"
                  ]
                },
                "metadata": {
                  "operationMetadataId": "1919ddf2-06f6-42f0-a1b9-88d8cf724b0c"
                },
                "type": "Foreach"
              },
              "Répondre_à_une_instance_PowerApp_ou_à_un_flux_2": {
                "runAfter": {
                  "Get_LineProfil_2": [
                    "Succeeded"
                  ]
                },
                "metadata": {
                  "operationMetadataId": "f4ac40fd-6265-4625-a4e6-f828d8926a1f"
                },
                "type": "Response",
                "kind": "PowerApp",
                "inputs": {
                  "statusCode": 200,
                  "body": {},
                  "schema": {
                    "type": "object",
                    "properties": {}
                  }
                }
              }
            }
          },
          "expression": {
            "equals": [
              "@triggerBody()['boolean']",
              "@true"
            ]
          },
          "metadata": {
            "operationMetadataId": "0b7a033e-2132-4d32-b284-0dba1e149b39"
          },
          "type": "If"
        },
        "Initialise_var_countMails": {
          "runAfter": {},
          "metadata": {
            "operationMetadataId": "73c6c0cc-8f9d-43dd-a5a2-b1915a5eaa21"
          },
          "type": "InitializeVariable",
          "inputs": {
            "variables": [
              {
                "name": "countMails",
                "type": "integer",
                "value": "@length(split(triggerBody()['text'], ','))"
              }
            ]
          }
        },
        "Initialise_var_taillsMailSupp": {
          "runAfter": {
            "Initialise_var_countMails": [
              "Succeeded"
            ]
          },
          "metadata": {
            "operationMetadataId": "691b2aab-dcd3-43d1-8b59-a7b230029cb5"
          },
          "type": "InitializeVariable",
          "inputs": {
            "variables": [
              {
                "name": "taillsMailsSupp",
                "type": "integer",
                "value": 0
              }
            ]
          }
        }
      },
      "outputs": {}
    },
    "templateName": ""
  },
  "schemaVersion": "1.0.0.0"
}