{
  "properties": {
    "connectionReferences": {
      "shared_commondataserviceforapps": {
        "runtimeSource": "embedded",
        "connection": {
          "connectionReferenceLogicalName": "tal_sharedcommondataserviceforapps_fdaa6"
        },
        "api": {
          "name": "shared_commondataserviceforapps"
        }
      },
      "shared_graphapi-2dgetmydrive-20-2d-201-5f0104057c89352-72f53503c97ba03c": {
        "runtimeSource": "invoker",
        "connection": {
          "connectionReferenceLogicalName": "tal_sharedgraphapi2dgetmydrive202d2015f0104057c8935272f53503c97ba03c_ae997"
        },
        "api": {
          "name": "shared_tal-5fgraphapi-2dgetmydrive-20-2d-201-5ff162f4c96a959693",
          "logicalName": "tal_graphapi-2dgetmydrive-20-2d-201"
        }
      }
    },
    "definition": {
      "$schema": "https://schema.management.azure.com/providers/Microsoft.Logic/schemas/2016-06-01/workflowdefinition.json#",
      "contentVersion": "1.0.0.0",
      "parameters": {
        "$connections": {
          "defaultValue": {},
          "type": "Object"
        },
        "$authentication": {
          "defaultValue": {},
          "type": "SecureObject"
        }
      },
      "triggers": {
        "manual": {
          "metadata": {
            "operationMetadataId": "d1b8e5c1-82cd-416c-b3e3-7f786f57f914"
          },
          "type": "Request",
          "kind": "PowerAppV2",
          "inputs": {
            "schema": {
              "type": "object",
              "properties": {},
              "required": []
            }
          }
        }
      },
      "actions": {
        "List_DetailMailbox_lines_": {
          "runAfter": {
            "Initialize_SizeOneDrive_variable": [
              "Succeeded"
            ]
          },
          "metadata": {
            "operationMetadataId": "b85456f2-616b-4b00-a37e-dabf2209e11b"
          },
          "type": "OpenApiConnection",
          "inputs": {
            "host": {
              "connectionName": "shared_commondataserviceforapps",
              "operationId": "ListRecords",
              "apiId": "/providers/Microsoft.PowerApps/apis/shared_commondataserviceforapps"
            },
            "parameters": {
              "entityName": "tal_detailmailboxes",
              "$filter": "tal_userprincipalname eq '@{triggerOutputs()['headers']['x-ms-user-email']}'"
            },
            "authentication": "@parameters('$authentication')"
          },
          "runtimeConfiguration": {
            "paginationPolicy": {
              "minimumItemCount": 100000
            }
          }
        },
        "Apply_to_each_2": {
          "foreach": "@outputs('List_DetailMailbox_lines_')?['body/value']",
          "actions": {
            "Apply_to_each_3": {
              "foreach": "@outputs('List_Profils_lines_')?['body/value']",
              "actions": {
                "Update_Profils_line_": {
                  "runAfter": {},
                  "metadata": {
                    "operationMetadataId": "05c76672-1a40-476d-88c7-c7650588f7be"
                  },
                  "type": "OpenApiConnection",
                  "inputs": {
                    "host": {
                      "connectionName": "shared_commondataserviceforapps",
                      "operationId": "UpdateRecord",
                      "apiId": "/providers/Microsoft.PowerApps/apis/shared_commondataserviceforapps"
                    },
                    "parameters": {
                      "entityName": "tal_profilses",
                      "recordId": "@items('Apply_to_each_3')?['tal_profilsid']",
                      "item/tal_espaceoutlook": "@items('Apply_to_each_2')?['tal_storageusedinmo']"
                    },
                    "authentication": "@parameters('$authentication')"
                  }
                }
              },
              "runAfter": {},
              "metadata": {
                "operationMetadataId": "bc5f8145-9b4e-4ebe-b4cb-8c986a2f0fa8"
              },
              "type": "Foreach"
            }
          },
          "runAfter": {
            "List_Profils_lines_": [
              "Succeeded"
            ]
          },
          "metadata": {
            "operationMetadataId": "13eda549-18f4-42bd-acb7-a32efe1ce81d"
          },
          "type": "Foreach"
        },
        "List_Profils_lines_": {
          "runAfter": {
            "List_DetailMailbox_lines_": [
              "Succeeded"
            ]
          },
          "metadata": {
            "operationMetadataId": "aa45f55e-f995-4300-94fc-7906b117de4a"
          },
          "type": "OpenApiConnection",
          "inputs": {
            "host": {
              "connectionName": "shared_commondataserviceforapps",
              "operationId": "ListRecords",
              "apiId": "/providers/Microsoft.PowerApps/apis/shared_commondataserviceforapps"
            },
            "parameters": {
              "entityName": "tal_profilses",
              "$filter": "emailaddress eq '@{triggerOutputs()['headers']['x-ms-user-email']}'"
            },
            "authentication": "@parameters('$authentication')"
          }
        },
        "initialize_IsError_variable": {
          "runAfter": {},
          "metadata": {
            "operationMetadataId": "2087015d-8086-466c-901b-44c861ee1633"
          },
          "type": "InitializeVariable",
          "inputs": {
            "variables": [
              {
                "name": "IsError",
                "type": "boolean",
                "value": false
              }
            ]
          }
        },
        "Condition": {
          "actions": {
            "Analyze_JSON": {
              "runAfter": {},
              "metadata": {
                "operationMetadataId": "6a5b8bef-2c71-4015-88e1-e26dc0b30415"
              },
              "type": "ParseJson",
              "inputs": {
                "content": "@body('APIGraph-GetMyDrive')",
                "schema": {
                  "type": "object",
                  "properties": {
                    "@@odata.context": {
                      "type": "string"
                    },
                    "createdDateTime": {
                      "type": "string"
                    },
                    "description": {
                      "type": "string"
                    },
                    "id": {
                      "type": "string"
                    },
                    "lastModifiedDateTime": {
                      "type": "string"
                    },
                    "name": {
                      "type": "string"
                    },
                    "webUrl": {
                      "type": "string"
                    },
                    "driveType": {
                      "type": "string"
                    },
                    "createdBy": {
                      "type": "object",
                      "properties": {
                        "user": {
                          "type": "object",
                          "properties": {
                            "displayName": {
                              "type": "string"
                            }
                          }
                        }
                      }
                    },
                    "lastModifiedBy": {
                      "type": "object",
                      "properties": {
                        "user": {
                          "type": "object",
                          "properties": {
                            "email": {
                              "type": "string"
                            },
                            "id": {
                              "type": "string"
                            },
                            "displayName": {
                              "type": "string"
                            }
                          }
                        }
                      }
                    },
                    "owner": {
                      "type": "object",
                      "properties": {
                        "user": {
                          "type": "object",
                          "properties": {
                            "email": {
                              "type": "string"
                            },
                            "id": {
                              "type": "string"
                            },
                            "displayName": {
                              "type": "string"
                            }
                          }
                        }
                      }
                    },
                    "quota": {
                      "type": "object",
                      "properties": {
                        "deleted": {
                          "type": "integer"
                        },
                        "remaining": {
                          "type": "integer"
                        },
                        "state": {
                          "type": "string"
                        },
                        "total": {
                          "type": "integer"
                        },
                        "used": {
                          "type": "integer"
                        }
                      }
                    }
                  }
                }
              }
            },
            "List_Profils_lines": {
              "runAfter": {
                "Define_SizeOneDrive_variable": [
                  "Succeeded"
                ]
              },
              "metadata": {
                "operationMetadataId": "f557a679-018b-4eb5-915a-5b45f08cc104"
              },
              "type": "OpenApiConnection",
              "inputs": {
                "host": {
                  "connectionName": "shared_commondataserviceforapps",
                  "operationId": "ListRecords",
                  "apiId": "/providers/Microsoft.PowerApps/apis/shared_commondataserviceforapps"
                },
                "parameters": {
                  "entityName": "tal_profilses",
                  "$filter": "emailaddress eq '@{triggerOutputs()['headers']['x-ms-user-email']}'"
                },
                "authentication": "@parameters('$authentication')"
              }
            },
            "applied_to_each": {
              "foreach": "@outputs('List_Profils_lines')?['body/value']",
              "actions": {
                "Update_Profils_line": {
                  "runAfter": {},
                  "metadata": {
                    "operationMetadataId": "b5062ba8-2b8a-4675-80b2-03baa7a4010d"
                  },
                  "type": "OpenApiConnection",
                  "inputs": {
                    "host": {
                      "connectionName": "shared_commondataserviceforapps",
                      "operationId": "UpdateRecord",
                      "apiId": "/providers/Microsoft.PowerApps/apis/shared_commondataserviceforapps"
                    },
                    "parameters": {
                      "entityName": "tal_profilses",
                      "recordId": "@items('applied_to_each')?['tal_profilsid']",
                      "item/tal_espaceonedrivemo": "@div(body('Analyze_JSON')?['quota']?['used'],1048576)"
                    },
                    "authentication": "@parameters('$authentication')"
                  }
                }
              },
              "runAfter": {
                "List_Profils_lines": [
                  "Succeeded"
                ]
              },
              "metadata": {
                "operationMetadataId": "8e42b124-df83-47af-a13f-d287cb0bb6e6"
              },
              "type": "Foreach"
            },
            "Define_SizeOneDrive_variable": {
              "runAfter": {
                "Analyze_JSON": [
                  "Succeeded"
                ]
              },
              "metadata": {
                "operationMetadataId": "5986c5d4-8326-4d09-9e42-e1df5b25ec35"
              },
              "type": "SetVariable",
              "inputs": {
                "name": "SizeOneDrive",
                "value": "@div(body('Analyze_JSON')?['quota']?['used'],1048576)"
              }
            }
          },
          "runAfter": {
            "Message_-_Return_Code_Poster": [
              "Succeeded"
            ]
          },
          "else": {
            "actions": {
              "define_IsError_variable": {
                "runAfter": {},
                "metadata": {
                  "operationMetadataId": "5811d1b9-0612-4110-86da-d4b68a5a1483"
                },
                "type": "SetVariable",
                "inputs": {
                  "name": "IsError",
                  "value": true
                }
              }
            }
          },
          "expression": {
            "less": [
              "@int(outputs('Return_Code_Poster'))",
              400
            ]
          },
          "metadata": {
            "operationMetadataId": "d9c408f0-f266-487c-aca3-e6ae86d702a9"
          },
          "type": "If"
        },
        "Condition_2": {
          "actions": {
            "Respond_to_a_PowerApp_instance_or_stream_-_KO": {
              "runAfter": {},
              "metadata": {
                "operationMetadataId": "583b128e-870e-462b-937f-5b059ed2443e"
              },
              "type": "Response",
              "kind": "PowerApp",
              "inputs": {
                "statusCode": 200,
                "body": {
                  "finflux": "KO",
                  "taille": "0"
                },
                "schema": {
                  "type": "object",
                  "properties": {
                    "finflux": {
                      "title": "finFlux",
                      "x-ms-dynamically-added": true,
                      "type": "string"
                    },
                    "taille": {
                      "title": "taille",
                      "x-ms-dynamically-added": true,
                      "type": "string"
                    }
                  }
                }
              }
            }
          },
          "runAfter": {
            "Condition": [
              "Succeeded"
            ],
            "Apply_to_each_2": [
              "Succeeded"
            ]
          },
          "else": {
            "actions": {
              "Respond_to_a_PowerApp_instance_or_stream_-_OK": {
                "runAfter": {},
                "metadata": {
                  "operationMetadataId": "a475b7ac-d33a-49be-9de5-fc1b2b40eb3b"
                },
                "type": "Response",
                "kind": "PowerApp",
                "inputs": {
                  "statusCode": 200,
                  "body": {
                    "finflux": "OK",
                    "taille": "@{variables('SizeOneDrive')}"
                  },
                  "schema": {
                    "type": "object",
                    "properties": {
                      "finflux": {
                        "title": "finFlux",
                        "x-ms-dynamically-added": true,
                        "type": "string"
                      },
                      "taille": {
                        "title": "taille",
                        "x-ms-dynamically-added": true,
                        "type": "string"
                      }
                    }
                  }
                }
              }
            }
          },
          "expression": {
            "equals": [
              "@variables('IsError')",
              true
            ]
          },
          "metadata": {
            "operationMetadataId": "d455c2c5-c06d-412e-818a-96aefc509c11"
          },
          "type": "If"
        },
        "Return_Code_Poster": {
          "runAfter": {
            "APIGraph-GetMyDrive": [
              "Succeeded"
            ]
          },
          "metadata": {
            "operationMetadataId": "ada81fb2-d7e7-4a35-8f08-206482ef6b60"
          },
          "type": "Compose",
          "inputs": "@outputs('APIGraph-GetMyDrive')?['statusCode']"
        },
        "Message_-_Return_Code_Poster": {
          "runAfter": {
            "Return_Code_Poster": [
              "Succeeded"
            ]
          },
          "metadata": {
            "operationMetadataId": "38fe0064-095e-4f6e-b30e-2a8fc53073e9"
          },
          "type": "Compose",
          "inputs": "@outputs('Return_Code_Poster')"
        },
        "APIGraph-GetMyDrive": {
          "runAfter": {
            "Initialize_SizeOneDrive_variable": [
              "Succeeded"
            ]
          },
          "metadata": {
            "operationMetadataId": "6f5992ea-bdf9-448a-a3fb-501f35bf57d9"
          },
          "type": "OpenApiConnection",
          "inputs": {
            "host": {
              "connectionName": "shared_graphapi-2dgetmydrive-20-2d-201-5f0104057c89352-72f53503c97ba03c",
              "operationId": "APIGraph-GetMyDrive",
              "apiId": ""
            },
            "parameters": {
              "path": "/"
            },
            "authentication": "@parameters('$authentication')"
          }
        },
        "Initialize_SizeOneDrive_variable": {
          "runAfter": {
            "initialize_IsError_variable": [
              "Succeeded"
            ]
          },
          "metadata": {
            "operationMetadataId": "de329700-5428-4c18-bdfb-df71760c62fd"
          },
          "type": "InitializeVariable",
          "inputs": {
            "variables": [
              {
                "name": "SizeOneDrive",
                "type": "integer",
                "value": 0
              }
            ]
          }
        }
      }
    },
    "templateName": ""
  },
  "schemaVersion": "1.0.0.0"
}