{
  "properties": {
    "connectionReferences": {
      "shared_commondataserviceforapps": {
        "runtimeSource": "embedded",
        "connection": {
          "connectionReferenceLogicalName": "tal_sharedcommondataserviceforapps_fdaa6"
        },
        "api": {
          "name": "shared_commondataserviceforapps"
        }
      }
    },
    "definition": {
      "$schema": "https://schema.management.azure.com/providers/Microsoft.Logic/schemas/2016-06-01/workflowdefinition.json#",
      "contentVersion": "1.0.0.0",
      "parameters": {
        "$connections": {
          "defaultValue": {},
          "type": "Object"
        },
        "$authentication": {
          "defaultValue": {},
          "type": "SecureObject"
        },
        "var_ecarbone_appId (tal_var_ecarbone_appId)": {
          "defaultValue": "Var",
          "type": "String",
          "metadata": {
            "schemaName": "tal_var_ecarbone_appId"
          }
        },
        "var_ecarbone_tenantId (tal_var_ecarbone_tenantId)": {
          "defaultValue": "Var",
          "type": "String",
          "metadata": {
            "schemaName": "tal_var_ecarbone_tenantId"
          }
        },
        "var_ecarbone_secret (tal_var_ecarbone_secret)": {
          "defaultValue": "Var",
          "type": "String",
          "metadata": {
            "schemaName": "tal_var_ecarbone_secret"
          }
        },
        "var_ecarbone_audience (tal_var_ecarbone_audience)": {
          "defaultValue": "Var",
          "type": "String",
          "metadata": {
            "schemaName": "tal_var_ecarbone_audience"
          }
        }
      },
      "triggers": {
        "manual": {
          "metadata": {
            "operationMetadataId": "7ae68437-124b-4fa9-afbf-0a22285a1894"
          },
          "type": "Request",
          "kind": "PowerAppV2",
          "inputs": {
            "schema": {
              "type": "object",
              "properties": {
                "text": {
                  "title": "mail",
                  "type": "string",
                  "x-ms-dynamically-added": true,
                  "description": "Tapez votre entrée",
                  "x-ms-content-hint": "TEXT"
                }
              },
              "required": [
                "text"
              ]
            }
          }
        }
      },
      "actions": {
        "HTTP_-_Get": {
          "runAfter": {
            "applied_to_each": [
              "Succeeded"
            ]
          },
          "metadata": {
            "operationMetadataId": "e9e86900-6b60-45d4-b8af-311014d9273b"
          },
          "type": "Http",
          "inputs": {
            "method": "GET",
            "uri": "@{parameters('var_ecarbone_audience (tal_var_ecarbone_audience)')}api/data/v9.0/RetrieveRecordChangeHistory(Target=@Target)?@Target={%22tal_profilsid%22:%22@{variables('rowID')}%22,%22@odata.type%22:%22Microsoft.Dynamics.CRM.tal_profils%22}",
            "authentication": {
              "type": "ActiveDirectoryOAuth",
              "tenant": "@parameters('var_ecarbone_tenantId (tal_var_ecarbone_tenantId)')",
              "audience": "@parameters('var_ecarbone_audience (tal_var_ecarbone_audience)')",
              "clientId": "@parameters('var_ecarbone_appId (tal_var_ecarbone_appId)')",
              "secret": "@parameters('var_ecarbone_secret (tal_var_ecarbone_secret)')"
            }
          }
        },
        "List_Profils_lines": {
          "runAfter": {
            "initialize_intIteration_variable_": [
              "Succeeded"
            ]
          },
          "metadata": {
            "operationMetadataId": "d8ad2488-e58f-4e8a-8fce-0ecda254a58f"
          },
          "type": "OpenApiConnection",
          "inputs": {
            "host": {
              "connectionName": "shared_commondataserviceforapps",
              "operationId": "ListRecords",
              "apiId": "/providers/Microsoft.PowerApps/apis/shared_commondataserviceforapps"
            },
            "parameters": {
              "entityName": "tal_profilses",
              "$filter": "emailaddress eq '@{triggerBody()['text']}'"
            },
            "authentication": "@parameters('$authentication')"
          }
        },
        "initialize_rowID_variable": {
          "runAfter": {},
          "metadata": {
            "operationMetadataId": "0389b4cb-6918-4e3c-aece-1dd0767e324f"
          },
          "type": "InitializeVariable",
          "inputs": {
            "variables": [
              {
                "name": "rowID",
                "type": "string"
              }
            ]
          }
        },
        "initialize_jsonHist_variable_": {
          "runAfter": {
            "initialize_rowID_variable": [
              "Succeeded"
            ]
          },
          "metadata": {
            "operationMetadataId": "e98f0f11-f76d-4bb2-ba78-2edfa46558d6"
          },
          "type": "InitializeVariable",
          "inputs": {
            "variables": [
              {
                "name": "jsonHist",
                "type": "array"
              }
            ]
          }
        },
        "applied_to_each": {
          "foreach": "@outputs('List_Profils_lines')?['body/value']",
          "actions": {
            "define_rowID_variable": {
              "runAfter": {},
              "metadata": {
                "operationMetadataId": "d131fd2e-9a0a-49a7-b6d7-3fb107ad3578"
              },
              "type": "SetVariable",
              "inputs": {
                "name": "rowID",
                "value": "@items('applied_to_each')?['tal_profilsid']"
              }
            }
          },
          "runAfter": {
            "List_Profils_lines": [
              "Succeeded"
            ]
          },
          "metadata": {
            "operationMetadataId": "8694551f-089d-40cd-a320-a74f4c9869a3"
          },
          "type": "Foreach"
        },
        "Parse_JSON": {
          "runAfter": {
            "HTTP_-_Get": [
              "Succeeded"
            ]
          },
          "metadata": {
            "operationMetadataId": "97be0f8f-252b-407b-85f5-e1954703d8a7"
          },
          "type": "ParseJson",
          "inputs": {
            "content": "@body('HTTP_-_Get')",
            "schema": {
              "type": "object",
              "properties": {
                "@@odata.context": {
                  "type": "string"
                },
                "AuditDetailCollection": {
                  "type": "object",
                  "properties": {
                    "MoreRecords": {
                      "type": "boolean"
                    },
                    "PagingCookie": {
                      "type": "string"
                    },
                    "TotalRecordCount": {
                      "type": "integer"
                    },
                    "AuditDetails": {
                      "type": "array",
                      "items": {
                        "type": "object",
                        "properties": {
                          "@@odata.type": {
                            "type": "string"
                          },
                          "InvalidNewValueAttributes": {
                            "type": "array"
                          },
                          "LocLabelLanguageCode": {
                            "type": "integer"
                          },
                          "DeletedAttributes": {
                            "type": "object",
                            "properties": {
                              "Count": {
                                "type": "integer"
                              },
                              "Keys": {
                                "type": "array"
                              },
                              "Values": {
                                "type": "array"
                              }
                            }
                          },
                          "OldValue": {
                            "type": "object",
                            "properties": {
                              "@@odata.type": {
                                "type": "string"
                              },
                              "tal_productionactuelle": {
                                "type": "number"
                              }
                            }
                          },
                          "NewValue": {
                            "type": "object",
                            "properties": {
                              "@@odata.type": {
                                "type": "string"
                              },
                              "tal_productionactuelle": {
                                "type": "number"
                              }
                            }
                          },
                          "AuditRecord": {
                            "type": "object",
                            "properties": {
                              "@@odata.type": {
                                "type": "string"
                              },
                              "_objectid_value": {
                                "type": "string"
                              },
                              "_userid_value": {
                                "type": "string"
                              },
                              "operation": {
                                "type": "integer"
                              },
                              "createdon": {
                                "type": "string"
                              },
                              "auditid": {
                                "type": "string"
                              },
                              "action": {
                                "type": "integer"
                              },
                              "objecttypecode": {
                                "type": "string"
                              },
                              "transactionid": {
                                "type": "string"
                              }
                            }
                          }
                        },
                        "required": []
                      }
                    }
                  }
                }
              }
            }
          }
        },
        "Apply_to_each_2": {
          "foreach": "@body('Parse_JSON')?['AuditDetailCollection']?['AuditDetails']",
          "actions": {
            "Condition": {
              "actions": {
                "Add_to_jsonHist_table_variable": {
                  "runAfter": {},
                  "metadata": {
                    "operationMetadataId": "357366a5-23a1-4075-8887-04e3414c5b8b"
                  },
                  "type": "AppendToArrayVariable",
                  "inputs": {
                    "name": "jsonHist",
                    "value": {
                      "id": "@variables('intIteration')",
                      "prodCO2": "@items('Apply_to_each_2')?['OldValue']?['tal_productionactuelle']",
                      "date": "@{if(empty(items('Apply_to_each_2')?['OldValue']?['tal_date_maj_prodco2']), formatDateTime(utcNow(), 'dd/MM/yyyy'), addDays(items('Apply_to_each_2')?['OldValue']?['tal_date_maj_prodco2'], 1, 'dd/MM/yyyy'))}"
                    }
                  }
                }
              },
              "runAfter": {},
              "expression": {
                "or": [
                  {
                    "not": {
                      "equals": [
                        "@items('Apply_to_each_2')?['OldValue']",
                        "@null"
                      ]
                    }
                  },
                  {
                    "not": {
                      "equals": [
                        "@items('Apply_to_each_2')?['NewValue']",
                        "@null"
                      ]
                    }
                  }
                ]
              },
              "metadata": {
                "operationMetadataId": "61ddd371-d906-434a-a710-133cd9806afd"
              },
              "type": "If"
            },
            "Increment_intIteration_variable": {
              "runAfter": {
                "Condition": [
                  "Succeeded"
                ]
              },
              "metadata": {
                "operationMetadataId": "d7fbb376-c931-48c3-ab0a-d1da1a1b2041"
              },
              "type": "IncrementVariable",
              "inputs": {
                "name": "intIteration",
                "value": 1
              }
            }
          },
          "runAfter": {
            "Parse_JSON": [
              "Succeeded"
            ]
          },
          "metadata": {
            "operationMetadataId": "20803ed2-1e3b-43d8-aef2-cf2e97cfe7d6"
          },
          "type": "Foreach",
          "runtimeConfiguration": {
            "concurrency": {
              "repetitions": 50
            }
          }
        },
        "Message_-_jsonHist": {
          "runAfter": {
            "Apply_to_each_2": [
              "Succeeded"
            ]
          },
          "metadata": {
            "operationMetadataId": "b75c1b7c-2c94-4f81-bb2b-af29b4616d28"
          },
          "type": "Compose",
          "inputs": "@length(variables('jsonHist'))"
        },
        "answer": {
          "runAfter": {
            "Message_-_jsonHist": [
              "Succeeded"
            ]
          },
          "metadata": {
            "operationMetadataId": "715301d7-3acf-4420-9b92-6d908716f6df"
          },
          "type": "Response",
          "kind": "Http",
          "inputs": {
            "statusCode": 200,
            "body": "@variables('jsonHist')",
            "schema": {
              "type": "array",
              "items": {
                "type": "object",
                "properties": {
                  "id": {
                    "type": "integer"
                  },
                  "prodCO2": {
                    "type": "number"
                  },
                  "date": {
                    "type": "string"
                  }
                }
              }
            }
          }
        },
        "initialize_intIteration_variable_": {
          "runAfter": {
            "initialize_jsonHist_variable_": [
              "Succeeded"
            ]
          },
          "metadata": {
            "operationMetadataId": "95e70a6f-291e-4455-9402-7432872b5c63"
          },
          "type": "InitializeVariable",
          "inputs": {
            "variables": [
              {
                "name": "intIteration",
                "type": "integer",
                "value": 1
              }
            ]
          }
        }
      }
    },
    "templateName": ""
  },
  "schemaVersion": "1.0.0.0"
}