{
  "properties": {
    "connectionReferences": {},
    "definition": {
      "$schema": "https://schema.management.azure.com/providers/Microsoft.Logic/schemas/2016-06-01/workflowdefinition.json#",
      "contentVersion": "1.0.0.0",
      "parameters": {
        "$authentication": {
          "defaultValue": {},
          "type": "SecureObject"
        },
        "var_ecarbone_appId (tal_var_ecarbone_appId)": {
          "defaultValue": "Var",
          "type": "String",
          "metadata": {
            "schemaName": "tal_var_ecarbone_appId"
          }
        },
        "var_ecarbone_tenantId (tal_var_ecarbone_tenantId)": {
          "defaultValue": "Var",
          "type": "String",
          "metadata": {
            "schemaName": "tal_var_ecarbone_tenantId"
          }
        },
        "var_ecarbone_secret (tal_var_ecarbone_secret)": {
          "defaultValue": "Var",
          "type": "String",
          "metadata": {
            "schemaName": "tal_var_ecarbone_secret"
          }
        },
        "var_ecarbone_teamsApps (tal_var_ecarbone_teamsApps)": {
          "defaultValue": "Var",
          "type": "String",
          "metadata": {
            "schemaName": "tal_var_ecarbone_teamsApps"
          }
        }
      },
      "triggers": {
        "manual": {
          "metadata": {
            "operationMetadataId": "d3577bf6-0821-4137-b2ad-acf951ce4549"
          },
          "type": "Request",
          "kind": "PowerAppV2",
          "inputs": {
            "schema": {
              "type": "object",
              "properties": {
                "text": {
                  "title": "email destinataire",
                  "type": "string",
                  "x-ms-dynamically-added": true,
                  "description": "email pour recevoir une notification",
                  "x-ms-content-hint": "TEXT"
                },
                "text_1": {
                  "title": "Type de notif",
                  "type": "string",
                  "x-ms-dynamically-added": true,
                  "description": "OneDrve/email/Challenge",
                  "x-ms-content-hint": "TEXT"
                },
                "text_2": {
                  "title": "message",
                  "type": "string",
                  "x-ms-dynamically-added": true,
                  "description": "Message d'envoi aux participants",
                  "x-ms-content-hint": "TEXT"
                }
              },
              "required": [
                "text",
                "text_1",
                "text_2"
              ]
            }
          }
        }
      },
      "actions": {
        "Message_-_Email_destinataire": {
          "runAfter": {},
          "metadata": {
            "operationMetadataId": "6691b1f2-be14-475a-bc07-d4c766027d5b"
          },
          "type": "Compose",
          "inputs": "@triggerBody()['text']"
        },
        "HTTP_-_Post": {
          "runAfter": {
            "Message_-_Email_destinataire": [
              "Succeeded"
            ]
          },
          "metadata": {
            "operationMetadataId": "8ccefd92-ee0d-4479-8c0e-c33ae61a0891"
          },
          "type": "Http",
          "inputs": {
            "method": "POST",
            "uri": "https://login.microsoftonline.com/@{parameters('var_ecarbone_tenantId (tal_var_ecarbone_tenantId)')}/oauth2/v2.0/token",
            "headers": {
              "Content-type": "application/x-www-form-urlencoded"
            },
            "body": "grant_type=client_credentials&client_id=@{parameters('var_ecarbone_appId (tal_var_ecarbone_appId)')}&client_secret=@{parameters('var_ecarbone_secret (tal_var_ecarbone_secret)')}&scope=https%3A%2F%2Fgraph.microsoft.com%2F.default"
          }
        },
        "Analyser_JSON_2": {
          "runAfter": {
            "HTTP_-_Post": [
              "Succeeded"
            ]
          },
          "metadata": {
            "operationMetadataId": "412824fb-f3df-43ca-bb60-58d36c722587"
          },
          "type": "ParseJson",
          "inputs": {
            "content": "@body('HTTP_-_Post')",
            "schema": {
              "type": "object",
              "properties": {
                "token_type": {
                  "type": "string"
                },
                "expires_in": {
                  "type": "integer"
                },
                "ext_expires_in": {
                  "type": "integer"
                },
                "access_token": {
                  "type": "string"
                }
              }
            }
          }
        },
        "HTTP_-_Post2": {
          "runAfter": {
            "Analyser_JSON_2": [
              "Succeeded"
            ]
          },
          "metadata": {
            "operationMetadataId": "8ea746b9-7068-46a6-8019-472ee3027dfb"
          },
          "type": "Http",
          "inputs": {
            "method": "POST",
            "uri": "https://graph.microsoft.com/v1.0/users/@{triggerBody()['text']}/teamwork/sendActivityNotification",
            "headers": {
              "Content-type": "application/json",
              "Authorization": "Bearer @{body('Analyser_JSON_2')?['access_token']}"
            },
            "body": {
              "activityType": "@{triggerBody()['text_1']}",
              "previewText": {
                "content": ""
              },
              "templateParameters": [
                {
                  "name": "message",
                  "value": "@{triggerBody()['text_2']}"
                }
              ],
              "topic": {
                "source": "entityUrl",
                "value": "https://graph.microsoft.com/v1.0/users/@{triggerBody()['text']}/appCatalogs/teamsApps/@{parameters('var_ecarbone_teamsApps (tal_var_ecarbone_teamsApps)')}"
              }
            }
          }
        },
        "Répondre_à_une_instance_PowerApp_ou_à_un_flux": {
          "runAfter": {
            "HTTP_-_Post2": [
              "Succeeded"
            ]
          },
          "metadata": {
            "operationMetadataId": "69b968df-717a-4ed4-9980-24723a4f769a"
          },
          "type": "Response",
          "kind": "PowerApp",
          "inputs": {
            "statusCode": 200,
            "body": {
              "response": "0"
            },
            "schema": {
              "type": "object",
              "properties": {
                "response": {
                  "title": "response",
                  "x-ms-dynamically-added": true,
                  "type": "string"
                }
              }
            }
          }
        }
      }
    },
    "templateName": ""
  },
  "schemaVersion": "1.0.0.0"
}