<ImportExportXml version="9.2.24072.168" SolutionPackageVersion="9.2" languagecode="1036" generatedBy="CrmLive" xmlns:xsi="http://www.w3.org/2001/XMLSchema-instance">
  <SolutionManifest>
    <UniqueName>NumriqueresponsableTable</UniqueName>
    <LocalizedNames>
      <LocalizedName description="Numérique responsable - Table" languagecode="1036" />
    </LocalizedNames>
    <Descriptions />
    <Version>1.0.0.38</Version>
    <Managed>0</Managed>
    <Publisher>
      <UniqueName>Talan</UniqueName>
      <LocalizedNames>
        <LocalizedName description="D2D SNCF" languagecode="1036" />
      </LocalizedNames>
      <Descriptions />
      <EMailAddress xsi:nil="true"></EMailAddress>
      <SupportingWebsiteUrl xsi:nil="true"></SupportingWebsiteUrl>
      <CustomizationPrefix>tal</CustomizationPrefix>
      <CustomizationOptionValuePrefix>92815</CustomizationOptionValuePrefix>
      <Addresses>
        <Address>
          <AddressNumber>1</AddressNumber>
          <AddressTypeCode>1</AddressTypeCode>
          <City xsi:nil="true"></City>
          <County xsi:nil="true"></County>
          <Country xsi:nil="true"></Country>
          <Fax xsi:nil="true"></Fax>
          <FreightTermsCode xsi:nil="true"></FreightTermsCode>
          <ImportSequenceNumber xsi:nil="true"></ImportSequenceNumber>
          <Latitude xsi:nil="true"></Latitude>
          <Line1 xsi:nil="true"></Line1>
          <Line2 xsi:nil="true"></Line2>
          <Line3 xsi:nil="true"></Line3>
          <Longitude xsi:nil="true"></Longitude>
          <Name xsi:nil="true"></Name>
          <PostalCode xsi:nil="true"></PostalCode>
          <PostOfficeBox xsi:nil="true"></PostOfficeBox>
          <PrimaryContactName xsi:nil="true"></PrimaryContactName>
          <ShippingMethodCode>1</ShippingMethodCode>
          <StateOrProvince xsi:nil="true"></StateOrProvince>
          <Telephone1 xsi:nil="true"></Telephone1>
          <Telephone2 xsi:nil="true"></Telephone2>
          <Telephone3 xsi:nil="true"></Telephone3>
          <TimeZoneRuleVersionNumber xsi:nil="true"></TimeZoneRuleVersionNumber>
          <UPSZone xsi:nil="true"></UPSZone>
          <UTCOffset xsi:nil="true"></UTCOffset>
          <UTCConversionTimeZoneCode xsi:nil="true"></UTCConversionTimeZoneCode>
        </Address>
        <Address>
          <AddressNumber>2</AddressNumber>
          <AddressTypeCode>1</AddressTypeCode>
          <City xsi:nil="true"></City>
          <County xsi:nil="true"></County>
          <Country xsi:nil="true"></Country>
          <Fax xsi:nil="true"></Fax>
          <FreightTermsCode xsi:nil="true"></FreightTermsCode>
          <ImportSequenceNumber xsi:nil="true"></ImportSequenceNumber>
          <Latitude xsi:nil="true"></Latitude>
          <Line1 xsi:nil="true"></Line1>
          <Line2 xsi:nil="true"></Line2>
          <Line3 xsi:nil="true"></Line3>
          <Longitude xsi:nil="true"></Longitude>
          <Name xsi:nil="true"></Name>
          <PostalCode xsi:nil="true"></PostalCode>
          <PostOfficeBox xsi:nil="true"></PostOfficeBox>
          <PrimaryContactName xsi:nil="true"></PrimaryContactName>
          <ShippingMethodCode>1</ShippingMethodCode>
          <StateOrProvince xsi:nil="true"></StateOrProvince>
          <Telephone1 xsi:nil="true"></Telephone1>
          <Telephone2 xsi:nil="true"></Telephone2>
          <Telephone3 xsi:nil="true"></Telephone3>
          <TimeZoneRuleVersionNumber xsi:nil="true"></TimeZoneRuleVersionNumber>
          <UPSZone xsi:nil="true"></UPSZone>
          <UTCOffset xsi:nil="true"></UTCOffset>
          <UTCConversionTimeZoneCode xsi:nil="true"></UTCConversionTimeZoneCode>
        </Address>
      </Addresses>
    </Publisher>
    <RootComponents>
      <RootComponent type="1" schemaName="tal_challenges" behavior="0" />
      <RootComponent type="1" schemaName="tal_companyvariables" behavior="0" />
      <RootComponent type="1" schemaName="tal_datareference" behavior="0" />
      <RootComponent type="1" schemaName="tal_detailmailbox" behavior="0" />
      <RootComponent type="1" schemaName="tal_directorylist" behavior="0" />
      <RootComponent type="1" schemaName="tal_doublons" behavior="0" />
      <RootComponent type="1" schemaName="tal_evolutionprofil" behavior="0" />
      <RootComponent type="1" schemaName="tal_fichiersvolumineux" behavior="0" />
      <RootComponent type="1" schemaName="tal_filelist" behavior="0" />
      <RootComponent type="1" schemaName="tal_maillinglist" behavior="0" />
      <RootComponent type="1" schemaName="tal_notif_teams" behavior="0" />
      <RootComponent type="1" schemaName="tal_participants" behavior="0" />
      <RootComponent type="1" schemaName="tal_productionco2equipe" behavior="0" />
      <RootComponent type="1" schemaName="tal_profils" behavior="0" />
      <RootComponent type="1" schemaName="tal_saisie_participant" behavior="0" />
      <RootComponent type="1" schemaName="tal_tbl_statutilisateurs" behavior="0" />
      <RootComponent type="9" schemaName="tal_categorie" behavior="0" />
      <RootComponent type="9" schemaName="tal_choixsmartphone" behavior="0" />
      <RootComponent type="9" schemaName="tal_equipements" behavior="0" />
      <RootComponent type="9" schemaName="tal_habitudeimpressions" behavior="0" />
      <RootComponent type="9" schemaName="tal_nbecrans" behavior="0" />
      <RootComponent type="9" schemaName="tal_nbordiportable" behavior="0" />
      <RootComponent type="9" schemaName="tal_nbradio" behavior="0" />
      <RootComponent type="9" schemaName="tal_nbsmartphones" behavior="0" />
      <RootComponent type="9" schemaName="tal_nbtablette" behavior="0" />
      <RootComponent type="9" schemaName="tal_repas" behavior="0" />
      <RootComponent type="9" schemaName="tal_tailleecrans" behavior="0" />
      <RootComponent type="9" schemaName="tal_typefichieronedrive" behavior="0" />
      <RootComponent type="9" schemaName="tal_typeordinateurs" behavior="0" />
      <RootComponent type="9" schemaName="tal_typesmartphones" behavior="0" />
      <RootComponent type="9" schemaName="tal_typestablettes" behavior="0" />
      <RootComponent type="9" schemaName="tal_typetablette" behavior="0" />
    </RootComponents>
    <MissingDependencies />
  </SolutionManifest>
</ImportExportXml>