{"token":{"type":"oauthSetting","oAuthSettings":{"identityProvider":"aad","clientId":"0000000","scopes":[],"redirectMode":"GlobalPerConnector","redirectUrl":"https://global.consent.azure-apim.net/redirect/ ","properties":{"IsFirstParty":"False","AzureActiveDirectoryResourceId":"https://graph.microsoft.com","IsOnbehalfofLoginSupported":true},"customParameters":{"LoginUri":{"value":"https://login.microsoftonline.com"},"TenantId":{"value":"common"},"ResourceUri":{"value":"https://graph.microsoft.com"},"EnableOnbehalfOfLogin":{"value":"false"}}},"uiDefinition":{"displayName":"Connexion OAuth","description":"Connexion OAuth","constraints":{"required":"true","hidden":"false"}}},"token:TenantId":{"type":"string","metadata":{"sourceType":"AzureActiveDirectoryTenant"},"uiDefinition":{"constraints":{"required":"false","hidden":"true"}}}}