{"uiDefinition":{"displayName":"Type d’authentification","description":"Type d’authentification à utiliser."},"values":[{"name":"undefined","uiDefinition":{"displayName":"Connexion OAuth","description":"Connexion OAuth"},"parameters":{"token":{"type":"oauthSetting","oAuthSettings":{"identityProvider":"aad","clientId":"0000000","scopes":[],"redirectMode":"GlobalPerConnector","redirectUrl":"https://global.consent.azure-apim.net/redirect/ ","properties":{"IsFirstParty":"False","AzureActiveDirectoryResourceId":"https://graph.microsoft.com","IsOnbehalfofLoginSupported":true},"customParameters":{"grantType":{"value":"code"},"LoginUri":{"value":"https://login.microsoftonline.com"},"TenantId":{"value":"common"},"ResourceUri":{"value":"https://graph.microsoft.com"},"EnableOnbehalfOfLogin":{"value":"false"}}},"uiDefinition":{"displayName":"Connexion OAuth","description":"Connexion OAuth","constraints":{"required":"true","hidden":"false"}}}},"metadata":{"allowSharing":false}}]}