{"uiDefinition":{"displayName":"Type d’authentification","description":"Type d’authentification à utiliser."},"values":[{"name":"oauth2-auth","uiDefinition":{"displayName":"Connexion OAuth","description":"Connexion OAuth"},"parameters":{"token":{"type":"oauthSetting","oAuthSettings":{"identityProvider":"aad","clientId":"0000000","scopes":[],"redirectMode":"GlobalPerConnector","redirectUrl":"https://global.consent.azure-apim.net/redirect/ ","properties":{"IsFirstParty":"False","AzureActiveDirectoryResourceId":"https://graph.microsoft.com","IsOnbehalfofLoginSupported":true},"customParameters":{"grantType":{"value":"code"},"LoginUri":{"value":"https://login.microsoftonline.com"},"TenantId":{"value":"common"},"ResourceUri":{"value":"https://graph.microsoft.com"},"EnableOnbehalfOfLogin":{"value":"false"}}},"uiDefinition":{"displayName":"Connexion OAuth","description":"Connexion OAuth","constraints":{"required":"true","hidden":"false"}}}},"metadata":{"allowSharing":false}},{"name":"oAuthClientCredentials","uiDefinition":{"displayName":"Connexion au principal de service","description":"Connexion au principal de service"},"parameters":{"token":{"type":"oauthSetting","oAuthSettings":{"identityProvider":"aad","clientId":"0000000","scopes":[],"redirectMode":"GlobalPerConnector","redirectUrl":"https://global.consent.azure-apim.net/redirect/tal-5fmicrosoft-20graph-20api-20-2d-201-5ff162f4c96a959693","properties":{"IsFirstParty":"False","AzureActiveDirectoryResourceId":"https://graph.microsoft.com","IsOnbehalfofLoginSupported":true},"customParameters":{"grantType":{"value":"client_credentials"},"LoginUri":{"value":"https://login.microsoftonline.com"},"TenantId":{"value":"common"},"ResourceUri":{"value":"https://graph.microsoft.com"},"EnableOnbehalfOfLogin":{"value":"false"}}},"uiDefinition":{"displayName":"Connexion au principal de service","description":"Connexion au principal de service","constraints":{"required":"false","hidden":"true"}}},"token:clientId":{"type":"string","uiDefinition":{"displayName":"ID client","schema":{"type":"string","description":"ID client (ou d’application) de votre application"},"constraints":{"required":"true","hidden":"false"}}},"token:clientSecret":{"type":"securestring","uiDefinition":{"displayName":"Clé secrète client","schema":{"type":"securestring","description":"Clé secrète client de votre application"},"constraints":{"required":"true","hidden":"false"}}},"token:TenantId":{"type":"string","uiDefinition":{"displayName":"Locataire","schema":{"type":"string","description":"ID de locataire de votre application"},"constraints":{"required":"true","hidden":"false"}}}},"metadata":{"allowSharing":true}}]}