<ImportExportXml version="9.2.24072.168" SolutionPackageVersion="9.2" languagecode="1036" generatedBy="CrmLive" xmlns:xsi="http://www.w3.org/2001/XMLSchema-instance">
  <SolutionManifest>
    <UniqueName>Numeriqueresponsable</UniqueName>
    <LocalizedNames>
      <LocalizedName description="Numérique responsable" languagecode="1036" />
    </LocalizedNames>
    <Descriptions>
      <Description description="Upgrade of Numérique responsable-Apps" languagecode="1036" />
    </Descriptions>
    <Version>2.2.0.127</Version>
    <Managed>0</Managed>
    <Publisher>
      <UniqueName>Talan</UniqueName>
      <LocalizedNames>
        <LocalizedName description="D2D SNCF" languagecode="1036" />
      </LocalizedNames>
      <Descriptions />
      <EMailAddress xsi:nil="true"></EMailAddress>
      <SupportingWebsiteUrl xsi:nil="true"></SupportingWebsiteUrl>
      <CustomizationPrefix>tal</CustomizationPrefix>
      <CustomizationOptionValuePrefix>92815</CustomizationOptionValuePrefix>
      <Addresses>
        <Address>
          <AddressNumber>1</AddressNumber>
          <AddressTypeCode>1</AddressTypeCode>
          <City xsi:nil="true"></City>
          <County xsi:nil="true"></County>
          <Country xsi:nil="true"></Country>
          <Fax xsi:nil="true"></Fax>
          <FreightTermsCode xsi:nil="true"></FreightTermsCode>
          <ImportSequenceNumber xsi:nil="true"></ImportSequenceNumber>
          <Latitude xsi:nil="true"></Latitude>
          <Line1 xsi:nil="true"></Line1>
          <Line2 xsi:nil="true"></Line2>
          <Line3 xsi:nil="true"></Line3>
          <Longitude xsi:nil="true"></Longitude>
          <Name xsi:nil="true"></Name>
          <PostalCode xsi:nil="true"></PostalCode>
          <PostOfficeBox xsi:nil="true"></PostOfficeBox>
          <PrimaryContactName xsi:nil="true"></PrimaryContactName>
          <ShippingMethodCode>1</ShippingMethodCode>
          <StateOrProvince xsi:nil="true"></StateOrProvince>
          <Telephone1 xsi:nil="true"></Telephone1>
          <Telephone2 xsi:nil="true"></Telephone2>
          <Telephone3 xsi:nil="true"></Telephone3>
          <TimeZoneRuleVersionNumber xsi:nil="true"></TimeZoneRuleVersionNumber>
          <UPSZone xsi:nil="true"></UPSZone>
          <UTCOffset xsi:nil="true"></UTCOffset>
          <UTCConversionTimeZoneCode xsi:nil="true"></UTCConversionTimeZoneCode>
        </Address>
        <Address>
          <AddressNumber>2</AddressNumber>
          <AddressTypeCode>1</AddressTypeCode>
          <City xsi:nil="true"></City>
          <County xsi:nil="true"></County>
          <Country xsi:nil="true"></Country>
          <Fax xsi:nil="true"></Fax>
          <FreightTermsCode xsi:nil="true"></FreightTermsCode>
          <ImportSequenceNumber xsi:nil="true"></ImportSequenceNumber>
          <Latitude xsi:nil="true"></Latitude>
          <Line1 xsi:nil="true"></Line1>
          <Line2 xsi:nil="true"></Line2>
          <Line3 xsi:nil="true"></Line3>
          <Longitude xsi:nil="true"></Longitude>
          <Name xsi:nil="true"></Name>
          <PostalCode xsi:nil="true"></PostalCode>
          <PostOfficeBox xsi:nil="true"></PostOfficeBox>
          <PrimaryContactName xsi:nil="true"></PrimaryContactName>
          <ShippingMethodCode>1</ShippingMethodCode>
          <StateOrProvince xsi:nil="true"></StateOrProvince>
          <Telephone1 xsi:nil="true"></Telephone1>
          <Telephone2 xsi:nil="true"></Telephone2>
          <Telephone3 xsi:nil="true"></Telephone3>
          <TimeZoneRuleVersionNumber xsi:nil="true"></TimeZoneRuleVersionNumber>
          <UPSZone xsi:nil="true"></UPSZone>
          <UTCOffset xsi:nil="true"></UTCOffset>
          <UTCConversionTimeZoneCode xsi:nil="true"></UTCConversionTimeZoneCode>
        </Address>
      </Addresses>
    </Publisher>
    <RootComponents>
      <RootComponent type="1" schemaName="tal_challenges" behavior="0" />
      <RootComponent type="1" schemaName="tal_companyvariables" behavior="0" />
      <RootComponent type="1" schemaName="tal_datareference" behavior="0" />
      <RootComponent type="1" schemaName="tal_detailmailbox" behavior="0" />
      <RootComponent type="1" schemaName="tal_doublons" behavior="0" />
      <RootComponent type="1" schemaName="tal_evolutionprofil" behavior="0" />
      <RootComponent type="1" schemaName="tal_fichiersvolumineux" behavior="0" />
      <RootComponent type="1" schemaName="tal_participants" behavior="0" />
      <RootComponent type="1" schemaName="tal_productionco2equipe" behavior="0" />
      <RootComponent type="1" schemaName="tal_profils" behavior="0" />
      <RootComponent type="1" schemaName="tal_saisie_participant" behavior="0" />
      <RootComponent type="1" schemaName="tal_tbl_statutilisateurs" behavior="1" />
      <RootComponent type="20" id="{c2319e66-7819-ee11-9cbd-000d3a959720}" behavior="0" />
      <RootComponent type="20" id="{f5872c52-7819-ee11-9cbd-000d3a959720}" behavior="0" />
      <RootComponent type="29" id="{05e50a1a-e0e0-ec11-bb3d-0022486fad9b}" behavior="0" />
      <RootComponent type="29" id="{1392bc4d-31bf-ed11-83ff-000d3a959720}" behavior="0" />
      <RootComponent type="29" id="{1a8c4bae-00e1-ec11-bb3d-0022486fa4af}" behavior="0" />
      <RootComponent type="29" id="{26bc6c5e-7fd0-ec11-a7b5-6045bd0022b7}" behavior="0" />
      <RootComponent type="29" id="{4c803c97-d6e3-ec11-bb3c-000d3a9599c7}" behavior="0" />
      <RootComponent type="29" id="{534fbe97-9b03-ee11-8f6e-000d3a959fe7}" behavior="0" />
      <RootComponent type="29" id="{5414f058-98d2-ec11-a7b5-6045bd0022b7}" behavior="0" />
      <RootComponent type="29" id="{64b0febf-afbd-ed11-83ff-000d3a959fe7}" behavior="0" />
      <RootComponent type="29" id="{6fb7505b-eee0-ec11-bb3d-0022486fa4af}" behavior="0" />
      <RootComponent type="29" id="{70887851-6049-ed11-bba2-000d3a959720}" behavior="0" />
      <RootComponent type="29" id="{7697f28b-e0e5-ee11-a203-002248d9e750}" behavior="0" />
      <RootComponent type="29" id="{7e32114f-95e8-ec11-bb3c-000d3a959646}" behavior="0" />
      <RootComponent type="29" id="{a2abd34a-abd6-ec11-a7b5-0022480b6c67}" behavior="0" />
      <RootComponent type="29" id="{ab5d9ac7-dde0-ec11-bb3d-0022486fad9b}" behavior="0" />
      <RootComponent type="29" id="{b853905d-e64e-ed11-bba3-000d3a959fe7}" behavior="0" />
      <RootComponent type="29" id="{beff1b98-32ba-ec11-983f-0022480b3ff3}" behavior="0" />
      <RootComponent type="29" id="{c2e94d9e-1ef7-ee11-a1fe-002248da550d}" behavior="0" />
      <RootComponent type="29" id="{c86e3222-fdda-ee11-904c-002248d9e750}" behavior="0" />
      <RootComponent type="29" id="{d9825d5e-70e6-ec11-bb3c-000d3a959497}" behavior="0" />
      <RootComponent type="29" id="{f136e959-4a25-ee11-9966-000d3a959fe7}" behavior="0" />
      <RootComponent type="29" id="{fcfb2a80-fba6-ed11-aacf-000d3a959fe7}" behavior="0" />
      <RootComponent type="29" id="{fe25bd8b-e1e0-ec11-bb3d-0022486fa4af}" behavior="0" />
      <RootComponent type="300" schemaName="tal_gestionimageevolutionprofil_51da1" behavior="0" />
      <RootComponent type="300" schemaName="tal_jsonnotifteamsv1_8010d" behavior="0" />
      <RootComponent type="300" schemaName="tal_monecarbonev2_d0b4c" behavior="0" />
      <RootComponent type="300" schemaName="tal_rfrentielfacteursemissions_af44e" behavior="0" />
      <RootComponent type="372" id="{88454d00-7e07-464d-b6ee-f7fe53a18b5c}" schemaName="tal_graphapi-2dgetmydrive-20-2d-201" behavior="0" />
      <RootComponent type="372" id="{89441994-b568-4601-8e78-f5d4780f2344}" schemaName="tal_microsoft-20graph-20api-20-2d-201" behavior="0" />
      <RootComponent type="431" schemaName="tal_evolutionprofil tal_image" behavior="0" />
      <RootComponent type="432" schemaName="tal_evolutionprofil" behavior="0" />
    </RootComponents>
    <MissingDependencies>
      <MissingDependency>
        <Required type="1" schemaName="aaduser" displayName="Identité Microsoft Entra" solution="MetadataExtension (1.0.2.103)" />
        <Dependent type="300" schemaName="tal_monecarbonev2_d0b4c" displayName="Mon e-Carbone" />
      </MissingDependency>
      <MissingDependency>
        <Required type="1" schemaName="aaduser" displayName="Identité Microsoft Entra" solution="MetadataExtension (1.0.2.103)" />
        <Dependent type="300" schemaName="tal_rfrentielfacteursemissions_af44e" displayName="Plateforme d'administration mon e-carbone" />
      </MissingDependency>
      <MissingDependency>
        <Required type="1" schemaName="tal_directorylist" displayName="TmpDirectoryList" solution="Active" />
        <Dependent type="29" displayName="Analyse One Drive" id="{1a8c4bae-00e1-ec11-bb3d-0022486fa4af}" />
      </MissingDependency>
      <MissingDependency>
        <Required type="1" schemaName="tal_directorylist" displayName="TmpDirectoryList" solution="Active" />
        <Dependent type="29" displayName="PurgeTmpOneDrive" id="{7e32114f-95e8-ec11-bb3c-000d3a959646}" />
      </MissingDependency>
      <MissingDependency>
        <Required type="1" schemaName="tal_directorylist" displayName="TmpDirectoryList" solution="Active" />
        <Dependent type="29" displayName="Volumineux - Analyse One Drive" id="{fcfb2a80-fba6-ed11-aacf-000d3a959fe7}" />
      </MissingDependency>
      <MissingDependency>
        <Required type="1" schemaName="tal_filelist" displayName="TmpFileList" solution="Active" />
        <Dependent type="29" displayName="Analyse One Drive" id="{1a8c4bae-00e1-ec11-bb3d-0022486fa4af}" />
      </MissingDependency>
      <MissingDependency>
        <Required type="1" schemaName="tal_filelist" displayName="TmpFileList" solution="Active" />
        <Dependent type="29" displayName="PurgeTmpOneDrive" id="{7e32114f-95e8-ec11-bb3c-000d3a959646}" />
      </MissingDependency>
      <MissingDependency>
        <Required type="1" schemaName="tal_maillinglist" displayName="MaillingList" solution="Active" />
        <Dependent type="29" displayName="BtnApiGraph-Notif" id="{6fb7505b-eee0-ec11-bb3d-0022486fa4af}" />
      </MissingDependency>
      <MissingDependency>
        <Required type="1" schemaName="tal_tbl_statutilisateurs" displayName="TBL_StatUtilisateurs" solution="Active" />
        <Dependent type="1" schemaName="tal_tbl_statutilisateurs" displayName="TBL_StatUtilisateurs" />
      </MissingDependency>
      <MissingDependency>
        <Required type="9" schemaName="tal_choixsmartphone" displayName="typeTablette" solution="Active" />
        <Dependent type="2" schemaName="tal_choixsmartphone" displayName="choixTablette" parentSchemaName="tal_profils" parentDisplayName="Profils" />
      </MissingDependency>
      <MissingDependency>
        <Required type="9" schemaName="tal_equipements" displayName="equipements" solution="Active" />
        <Dependent type="2" schemaName="tal_equipements" displayName="equipements" parentSchemaName="tal_profils" parentDisplayName="Profils" />
      </MissingDependency>
      <MissingDependency>
        <Required type="9" schemaName="tal_habitudeimpressions" displayName="habitudeImpressions" solution="Active" />
        <Dependent type="2" schemaName="tal_habitudeimpressions" displayName="habitudeImpressions" parentSchemaName="tal_profils" parentDisplayName="Profils" />
      </MissingDependency>
      <MissingDependency>
        <Required type="9" schemaName="tal_nbecrans" displayName="nbEcrans" solution="Active" />
        <Dependent type="2" schemaName="tal_nbecrans" displayName="nbEcran" parentSchemaName="tal_profils" parentDisplayName="Profils" />
      </MissingDependency>
      <MissingDependency>
        <Required type="9" schemaName="tal_nbordiportable" displayName="nbOrdiPortable" solution="Active" />
        <Dependent type="2" schemaName="tal_nbordiportable" displayName="nbOrdiPortable" parentSchemaName="tal_profils" parentDisplayName="Profils" />
      </MissingDependency>
      <MissingDependency>
        <Required type="9" schemaName="tal_nbradio" displayName="nbRadio" solution="Active" />
        <Dependent type="2" schemaName="tal_nbradio" displayName="nbRadio" parentSchemaName="tal_profils" parentDisplayName="Profils" />
      </MissingDependency>
      <MissingDependency>
        <Required type="9" schemaName="tal_nbsmartphones" displayName="nbSmartphones" solution="Active" />
        <Dependent type="2" schemaName="tal_nbsmartphones" displayName="nbSmartphones" parentSchemaName="tal_profils" parentDisplayName="Profils" />
      </MissingDependency>
      <MissingDependency>
        <Required type="9" schemaName="tal_nbtablette" displayName="nbTablette" solution="Active" />
        <Dependent type="2" schemaName="tal_nbtablette" displayName="nbTablette" parentSchemaName="tal_profils" parentDisplayName="Profils" />
      </MissingDependency>
      <MissingDependency>
        <Required type="9" schemaName="tal_repas" displayName="Repas" solution="Active" />
        <Dependent type="2" schemaName="tal_repas" displayName="Repas" parentSchemaName="tal_profils" parentDisplayName="Profils" />
      </MissingDependency>
      <MissingDependency>
        <Required type="9" schemaName="tal_tailleecrans" displayName="tailleEcrans" solution="Active" />
        <Dependent type="2" schemaName="tal_tailleecran" displayName="tailleEcran" parentSchemaName="tal_profils" parentDisplayName="Profils" />
      </MissingDependency>
      <MissingDependency>
        <Required type="9" schemaName="tal_typefichieronedrive" displayName="typeFichierOneDrive" solution="Active" />
        <Dependent type="2" schemaName="tal_typefichieronedrive" displayName="typeFichierOneDrive" parentSchemaName="tal_profils" parentDisplayName="Profils" />
      </MissingDependency>
      <MissingDependency>
        <Required type="9" schemaName="tal_typeordinateurs" displayName="typeOrdinateurs" solution="Active" />
        <Dependent type="2" schemaName="tal_typeordinateurs" displayName="typeOrdinateurs" parentSchemaName="tal_profils" parentDisplayName="Profils" />
      </MissingDependency>
      <MissingDependency>
        <Required type="9" schemaName="tal_typesmartphones" displayName="typeSmartphones" solution="Active" />
        <Dependent type="2" schemaName="tal_typesmartphones" displayName="typeSmartphones" parentSchemaName="tal_profils" parentDisplayName="Profils" />
      </MissingDependency>
      <MissingDependency>
        <Required type="9" schemaName="tal_typestablettes" displayName="typesTablettes" solution="Active" />
        <Dependent type="2" schemaName="tal_typestablettes" displayName="typesTablettes" parentSchemaName="tal_profils" parentDisplayName="Profils" />
      </MissingDependency>
      <MissingDependency>
        <Required type="EnvironmentVariableDefinition" displayName="tal_var_ecarbone_appId" solution="Active" id.schemaname="tal_var_ecarbone_appId" />
        <Dependent type="29" displayName="HistoriqueProfil" id="{26bc6c5e-7fd0-ec11-a7b5-6045bd0022b7}" />
      </MissingDependency>
      <MissingDependency>
        <Required type="EnvironmentVariableDefinition" displayName="tal_var_ecarbone_appId" solution="Active" id.schemaname="tal_var_ecarbone_appId" />
        <Dependent type="29" displayName="Notif_teams_challenge" id="{534fbe97-9b03-ee11-8f6e-000d3a959fe7}" />
      </MissingDependency>
      <MissingDependency>
        <Required type="EnvironmentVariableDefinition" displayName="tal_var_ecarbone_appId" solution="Active" id.schemaname="tal_var_ecarbone_appId" />
        <Dependent type="29" displayName="Envoi_notification_teams" id="{b853905d-e64e-ed11-bba3-000d3a959fe7}" />
      </MissingDependency>
      <MissingDependency>
        <Required type="EnvironmentVariableDefinition" displayName="tal_var_ecarbone_appId" solution="Active" id.schemaname="tal_var_ecarbone_appId" />
        <Dependent type="29" displayName="Notif_Fin_Challenge" id="{f136e959-4a25-ee11-9966-000d3a959fe7}" />
      </MissingDependency>
      <MissingDependency>
        <Required type="EnvironmentVariableDefinition" displayName="tal_var_ecarbone_audience" solution="Active" id.schemaname="tal_var_ecarbone_audience" />
        <Dependent type="29" displayName="HistoriqueProfil" id="{26bc6c5e-7fd0-ec11-a7b5-6045bd0022b7}" />
      </MissingDependency>
      <MissingDependency>
        <Required type="EnvironmentVariableDefinition" displayName="tal_var_ecarbone_mail" solution="Active" id.schemaname="tal_var_ecarbone_mail" />
        <Dependent type="29" displayName="BtnApiGraph" id="{beff1b98-32ba-ec11-983f-0022480b3ff3}" />
      </MissingDependency>
      <MissingDependency>
        <Required type="EnvironmentVariableDefinition" displayName="tal_var_ecarbone_secret" solution="Active" id.schemaname="tal_var_ecarbone_secret" />
        <Dependent type="29" displayName="HistoriqueProfil" id="{26bc6c5e-7fd0-ec11-a7b5-6045bd0022b7}" />
      </MissingDependency>
      <MissingDependency>
        <Required type="EnvironmentVariableDefinition" displayName="tal_var_ecarbone_secret" solution="Active" id.schemaname="tal_var_ecarbone_secret" />
        <Dependent type="29" displayName="Notif_teams_challenge" id="{534fbe97-9b03-ee11-8f6e-000d3a959fe7}" />
      </MissingDependency>
      <MissingDependency>
        <Required type="EnvironmentVariableDefinition" displayName="tal_var_ecarbone_secret" solution="Active" id.schemaname="tal_var_ecarbone_secret" />
        <Dependent type="29" displayName="Envoi_notification_teams" id="{b853905d-e64e-ed11-bba3-000d3a959fe7}" />
      </MissingDependency>
      <MissingDependency>
        <Required type="EnvironmentVariableDefinition" displayName="tal_var_ecarbone_secret" solution="Active" id.schemaname="tal_var_ecarbone_secret" />
        <Dependent type="29" displayName="Notif_Fin_Challenge" id="{f136e959-4a25-ee11-9966-000d3a959fe7}" />
      </MissingDependency>
      <MissingDependency>
        <Required type="EnvironmentVariableDefinition" displayName="tal_var_ecarbone_teamsApps" solution="Active" id.schemaname="tal_var_ecarbone_teamsApps" />
        <Dependent type="29" displayName="Notif_teams_challenge" id="{534fbe97-9b03-ee11-8f6e-000d3a959fe7}" />
      </MissingDependency>
      <MissingDependency>
        <Required type="EnvironmentVariableDefinition" displayName="tal_var_ecarbone_teamsApps" solution="Active" id.schemaname="tal_var_ecarbone_teamsApps" />
        <Dependent type="29" displayName="Envoi_notification_teams" id="{b853905d-e64e-ed11-bba3-000d3a959fe7}" />
      </MissingDependency>
      <MissingDependency>
        <Required type="EnvironmentVariableDefinition" displayName="tal_var_ecarbone_teamsApps" solution="Active" id.schemaname="tal_var_ecarbone_teamsApps" />
        <Dependent type="29" displayName="Notif_Fin_Challenge" id="{f136e959-4a25-ee11-9966-000d3a959fe7}" />
      </MissingDependency>
      <MissingDependency>
        <Required type="EnvironmentVariableDefinition" displayName="tal_var_ecarbone_tenantId" solution="Active" id.schemaname="tal_var_ecarbone_tenantId" />
        <Dependent type="29" displayName="HistoriqueProfil" id="{26bc6c5e-7fd0-ec11-a7b5-6045bd0022b7}" />
      </MissingDependency>
      <MissingDependency>
        <Required type="EnvironmentVariableDefinition" displayName="tal_var_ecarbone_tenantId" solution="Active" id.schemaname="tal_var_ecarbone_tenantId" />
        <Dependent type="29" displayName="Notif_teams_challenge" id="{534fbe97-9b03-ee11-8f6e-000d3a959fe7}" />
      </MissingDependency>
      <MissingDependency>
        <Required type="EnvironmentVariableDefinition" displayName="tal_var_ecarbone_tenantId" solution="Active" id.schemaname="tal_var_ecarbone_tenantId" />
        <Dependent type="29" displayName="Envoi_notification_teams" id="{b853905d-e64e-ed11-bba3-000d3a959fe7}" />
      </MissingDependency>
      <MissingDependency>
        <Required type="EnvironmentVariableDefinition" displayName="tal_var_ecarbone_tenantId" solution="Active" id.schemaname="tal_var_ecarbone_tenantId" />
        <Dependent type="29" displayName="Notif_Fin_Challenge" id="{f136e959-4a25-ee11-9966-000d3a959fe7}" />
      </MissingDependency>
    </MissingDependencies>
  </SolutionManifest>
</ImportExportXml>