{
  "properties": {
    "connectionReferences": {
      "shared_commondataserviceforapps_1": {
        "runtimeSource": "embedded",
        "connection": {},
        "api": {
          "name": "shared_commondataserviceforapps"
        }
      }
    },
    "definition": {
      "$schema": "https://schema.management.azure.com/providers/Microsoft.Logic/schemas/2016-06-01/workflowdefinition.json#",
      "contentVersion": "1.0.0.0",
      "parameters": {
        "$connections": {
          "defaultValue": {},
          "type": "Object"
        },
        "$authentication": {
          "defaultValue": {},
          "type": "SecureObject"
        }
      },
      "triggers": {
        "manual": {
          "metadata": {
            "operationMetadataId": "16a50f6f-03e6-4169-9b74-b717196a42a8"
          },
          "type": "Request",
          "kind": "PowerAppV2",
          "inputs": {
            "schema": {
              "type": "object",
              "properties": {
                "text": {
                  "title": "CSVName",
                  "type": "string",
                  "x-ms-dynamically-added": true,
                  "description": "Tapez votre entrée",
                  "x-ms-content-hint": "TEXT"
                },
                "text_1": {
                  "title": "CSVFile",
                  "type": "string",
                  "x-ms-dynamically-added": true,
                  "description": "Tapez votre entrée",
                  "x-ms-content-hint": "TEXT"
                },
                "text_2": {
                  "title": "GUIDChallenge",
                  "type": "string",
                  "x-ms-dynamically-added": true,
                  "description": "Tapez votre entrée",
                  "x-ms-content-hint": "TEXT"
                }
              },
              "required": [
                "text",
                "text_1",
                "text_2"
              ]
            }
          }
        }
      },
      "actions": {
        "Fichier": {
          "runAfter": {
            "NomFichier": [
              "Succeeded"
            ]
          },
          "metadata": {
            "operationMetadataId": "8e0c472c-ce9c-4647-a64b-184d8be925b9"
          },
          "type": "Compose",
          "inputs": "@base64ToString(triggerBody()['text_1'])"
        },
        "NomFichier": {
          "runAfter": {},
          "metadata": {
            "operationMetadataId": "d88f1a4a-feab-45d8-9e73-339b3f8db509"
          },
          "type": "Compose",
          "inputs": "@{utcNow()\n}-@{triggerBody()['text']}"
        },
        "ParcoursTableau": {
          "foreach": "@variables('Table')",
          "actions": {
            "MailParticipant": {
              "runAfter": {},
              "metadata": {
                "operationMetadataId": "7541e909-28fe-429c-88f5-685bbc726549"
              },
              "type": "Compose",
              "inputs": "@trim(items('ParcoursTableau'))",
              "description": "A remplacer par office365 pour récupérer l'UPN et Mail"
            },
            "Message": {
              "runAfter": {
                "MailParticipant": [
                  "Succeeded"
                ]
              },
              "metadata": {
                "operationMetadataId": "23852525-b541-4a04-b338-c4ce2e2f32c6"
              },
              "type": "Compose",
              "inputs": "@and(contains(outputs('MailParticipant'), '@'), contains(split(outputs('MailParticipant'), '@')[1], '.'))"
            },
            "Email_empty": {
              "actions": {
                "If_is_a_Email": {
                  "actions": {
                    "GetUserProfil": {
                      "runAfter": {},
                      "metadata": {
                        "operationMetadataId": "cd8a51a3-99e0-4cae-8a5b-471270e161d5"
                      },
                      "type": "Workflow",
                      "inputs": {
                        "host": {
                          "workflowReferenceName": "ddd81a39-1466-ef11-a670-002248d9f687"
                        },
                        "body": {
                          "text": "@outputs('MailParticipant')"
                        },
                        "retryPolicy": {
                          "type": "none"
                        }
                      }
                    },
                    "IncrémentParticipantNonChargé2": {
                      "runAfter": {
                        "GetUserProfil": [
                          "Failed",
                          "TimedOut"
                        ]
                      },
                      "metadata": {
                        "operationMetadataId": "0787e00d-32d5-41c2-ad50-ff8e27b9b70f"
                      },
                      "type": "AppendToArrayVariable",
                      "inputs": {
                        "name": "NombreMailsNonValide",
                        "value": "@outputs('MailParticipant')"
                      }
                    },
                    "Lister_les_lignes": {
                      "runAfter": {
                        "GetUserProfil": [
                          "Succeeded"
                        ]
                      },
                      "metadata": {
                        "operationMetadataId": "cd9084a4-5868-47b1-9e4b-05c3f37c73f1"
                      },
                      "type": "OpenApiConnection",
                      "inputs": {
                        "host": {
                          "apiId": "/providers/Microsoft.PowerApps/apis/shared_commondataserviceforapps",
                          "connectionName": "shared_commondataserviceforapps_1",
                          "operationId": "ListRecords"
                        },
                        "parameters": {
                          "entityName": "tal_participantses",
                          "$filter": "_tal_fk_challenge_value eq @{outputs('Challenges')?['body/tal_challengesid']} and tal_playermail eq '@{body('GetUserProfil')?['mail']}'",
                          "$top": 1
                        },
                        "authentication": "@parameters('$authentication')"
                      }
                    },
                    "Verification_Ligne_Existante": {
                      "actions": {
                        "CréerChallengeParParticipant_2": {
                          "runAfter": {},
                          "metadata": {
                            "operationMetadataId": "100870c9-ebfa-4247-8edd-e465a3fb963a"
                          },
                          "type": "OpenApiConnection",
                          "inputs": {
                            "host": {
                              "apiId": "/providers/Microsoft.PowerApps/apis/shared_commondataserviceforapps",
                              "connectionName": "shared_commondataserviceforapps_1",
                              "operationId": "CreateRecord"
                            },
                            "parameters": {
                              "entityName": "tal_participantses",
                              "item/tal_challengename": "@outputs('Challenges')?['body/tal_name']",
                              "item/tal_Fk_Challenge@odata.bind": "@outputs('Challenges')?['body/@odata.id']",
                              "item/tal_notifchallenge": "Oui",
                              "item/tal_notifteams": "@true",
                              "item/tal_passagedeniveau": false,
                              "item/tal_playermail": "@body('GetUserProfil')?['mail']",
                              "item/tal_playername": "@body('GetUserProfil')?['nomutilisateur']",
                              "item/tal_playerupn": "@body('GetUserProfil')?['upn']",
                              "item/tal_role": "Participant"
                            },
                            "authentication": "@parameters('$authentication')"
                          }
                        },
                        "IncrémentParticipantChargé_2": {
                          "runAfter": {
                            "CréerChallengeParParticipant_2": [
                              "Succeeded"
                            ]
                          },
                          "metadata": {
                            "operationMetadataId": "0787e00d-32d5-41c2-ad50-ff8e27b9b70f"
                          },
                          "type": "AppendToArrayVariable",
                          "inputs": {
                            "name": "NombreMailsValide",
                            "value": "@outputs('MailParticipant')"
                          }
                        }
                      },
                      "runAfter": {
                        "Lister_les_lignes": [
                          "Succeeded"
                        ]
                      },
                      "else": {
                        "actions": {
                          "Appliquer_à_chacun": {
                            "foreach": "@outputs('Lister_les_lignes')?['body/value']",
                            "actions": {
                              "Si_ligne_déjà_existante": {
                                "actions": {},
                                "runAfter": {},
                                "else": {
                                  "actions": {
                                    "CréerChallengeParParticipant": {
                                      "runAfter": {},
                                      "metadata": {
                                        "operationMetadataId": "100870c9-ebfa-4247-8edd-e465a3fb963a"
                                      },
                                      "type": "OpenApiConnection",
                                      "inputs": {
                                        "host": {
                                          "apiId": "/providers/Microsoft.PowerApps/apis/shared_commondataserviceforapps",
                                          "connectionName": "shared_commondataserviceforapps_1",
                                          "operationId": "CreateRecord"
                                        },
                                        "parameters": {
                                          "entityName": "tal_participantses",
                                          "item/tal_challengename": "@outputs('Challenges')?['body/tal_name']",
                                          "item/tal_Fk_Challenge@odata.bind": "@outputs('Challenges')?['body/@odata.id']",
                                          "item/tal_notifchallenge": "Oui",
                                          "item/tal_notifteams": "@true",
                                          "item/tal_passagedeniveau": false,
                                          "item/tal_playermail": "@body('GetUserProfil')?['mail']",
                                          "item/tal_playername": "@body('GetUserProfil')?['nomutilisateur']",
                                          "item/tal_playerupn": "@body('GetUserProfil')?['upn']",
                                          "item/tal_role": "Participant"
                                        },
                                        "authentication": "@parameters('$authentication')"
                                      }
                                    },
                                    "IncrémentParticipantChargé": {
                                      "runAfter": {
                                        "CréerChallengeParParticipant": [
                                          "Succeeded"
                                        ]
                                      },
                                      "metadata": {
                                        "operationMetadataId": "0787e00d-32d5-41c2-ad50-ff8e27b9b70f"
                                      },
                                      "type": "AppendToArrayVariable",
                                      "inputs": {
                                        "name": "NombreMailsValide",
                                        "value": "@outputs('MailParticipant')"
                                      }
                                    }
                                  }
                                },
                                "expression": {
                                  "equals": [
                                    "@items('Appliquer_à_chacun')?['tal_playermail']",
                                    "@body('GetUserProfil')?['mail']"
                                  ]
                                },
                                "metadata": {
                                  "operationMetadataId": "684a8609-733d-465e-a9c5-b0a2e124307d"
                                },
                                "type": "If"
                              }
                            },
                            "runAfter": {},
                            "metadata": {
                              "operationMetadataId": "b29e4b78-1614-4d15-87b2-d4d27716dbaa"
                            },
                            "type": "Foreach",
                            "runtimeConfiguration": {
                              "concurrency": {
                                "repetitions": 50
                              }
                            }
                          }
                        }
                      },
                      "expression": {
                        "equals": [
                          "@empty(outputs('Lister_les_lignes')?['body/value'])",
                          "@true"
                        ]
                      },
                      "metadata": {
                        "operationMetadataId": "b168f48e-422a-48f6-9362-55cde8a8a769"
                      },
                      "type": "If"
                    }
                  },
                  "runAfter": {},
                  "else": {
                    "actions": {
                      "IncrémentParticipantNonChargé": {
                        "runAfter": {},
                        "metadata": {
                          "operationMetadataId": "0787e00d-32d5-41c2-ad50-ff8e27b9b70f"
                        },
                        "type": "AppendToArrayVariable",
                        "inputs": {
                          "name": "NombreMailsNonValide",
                          "value": "@outputs('MailParticipant')"
                        }
                      }
                    }
                  },
                  "expression": {
                    "equals": [
                      "@and(contains(outputs('MailParticipant'), '@'), contains(split(outputs('MailParticipant'), '@')[1], '.'))",
                      "@true"
                    ]
                  },
                  "metadata": {
                    "operationMetadataId": "e4931b8a-301d-4f7b-8f02-60c04e9391ea"
                  },
                  "type": "If"
                }
              },
              "runAfter": {
                "Message": [
                  "Succeeded"
                ]
              },
              "expression": {
                "greater": [
                  "@length(outputs('MailParticipant'))",
                  0
                ]
              },
              "metadata": {
                "operationMetadataId": "4c575907-fcb4-46f5-96be-f5e4a115e94f"
              },
              "type": "If"
            }
          },
          "runAfter": {
            "Condition": [
              "Succeeded"
            ]
          },
          "metadata": {
            "operationMetadataId": "8ddb47e7-35d6-45ad-bbd2-48dc46e9fff4"
          },
          "type": "Foreach",
          "runtimeConfiguration": {
            "concurrency": {
              "repetitions": 50
            }
          }
        },
        "Challenges": {
          "runAfter": {
            "Tableau": [
              "Succeeded"
            ]
          },
          "metadata": {
            "operationMetadataId": "e73becf4-bfa5-4930-972a-92927e8df776"
          },
          "type": "OpenApiConnection",
          "inputs": {
            "host": {
              "apiId": "/providers/Microsoft.PowerApps/apis/shared_commondataserviceforapps",
              "connectionName": "shared_commondataserviceforapps_1",
              "operationId": "GetItem"
            },
            "parameters": {
              "entityName": "tal_challengeses",
              "recordId": "@triggerBody()['text_2']"
            },
            "authentication": "@parameters('$authentication')"
          }
        },
        "Tableau": {
          "runAfter": {
            "Fichier": [
              "Succeeded"
            ]
          },
          "metadata": {
            "operationMetadataId": "b72670ed-cc07-414f-8d55-82cc901e6295"
          },
          "type": "InitializeVariable",
          "inputs": {
            "variables": [
              {
                "name": "Table",
                "type": "array",
                "value": "@split(replace(outputs('Fichier'),decodeUriComponent('%0D%0A'),';'),';')"
              }
            ]
          }
        },
        "RetourPowerAppsFichierKO": {
          "runAfter": {
            "Tableau": [
              "Failed"
            ]
          },
          "metadata": {
            "operationMetadataId": "db3c7be8-f544-4409-a828-8551f5cd9320"
          },
          "type": "Response",
          "kind": "PowerApp",
          "inputs": {
            "statusCode": 200,
            "body": {
              "nombreligne": "-1",
              "nombrelignenonimportés": "0"
            },
            "schema": {
              "type": "object",
              "properties": {
                "nombreligne": {
                  "title": "NombreLigne",
                  "x-ms-dynamically-added": true,
                  "type": "string"
                },
                "nombrelignenonimportés": {
                  "title": "NombreLigneNonImportés",
                  "x-ms-dynamically-added": true,
                  "type": "string"
                }
              }
            }
          }
        },
        "VariableMailNonValide": {
          "runAfter": {
            "Challenges": [
              "Succeeded"
            ]
          },
          "metadata": {
            "operationMetadataId": "cc0ce2c4-9548-4f02-9850-542b8a575f33"
          },
          "type": "InitializeVariable",
          "inputs": {
            "variables": [
              {
                "name": "NombreMailsNonValide",
                "type": "array"
              }
            ]
          }
        },
        "Message_2": {
          "runAfter": {
            "ParcoursTableau": [
              "Succeeded",
              "Failed"
            ]
          },
          "metadata": {
            "operationMetadataId": "49978f5f-73de-4e8c-bac9-dcc5ab0f67ad"
          },
          "type": "Compose",
          "inputs": "@{length(variables('NombreMailsNonValide'))}-@{length(variables('NombreMailsValide'))}"
        },
        "VariableMailValide": {
          "runAfter": {
            "VariableMailNonValide": [
              "Succeeded"
            ]
          },
          "metadata": {
            "operationMetadataId": "c4f06f30-c7b3-4b2b-9591-1e8fb1f90e98"
          },
          "type": "InitializeVariable",
          "inputs": {
            "variables": [
              {
                "name": "NombreMailsValide",
                "type": "array"
              }
            ]
          }
        },
        "Condition": {
          "actions": {
            "RetourPowerAppsFichier_2": {
              "runAfter": {},
              "metadata": {
                "operationMetadataId": "db3c7be8-f544-4409-a828-8551f5cd9320"
              },
              "type": "Response",
              "kind": "PowerApp",
              "inputs": {
                "statusCode": 200,
                "body": {
                  "nombreligne": "-2",
                  "nombrelignenonimportés": "0"
                },
                "schema": {
                  "type": "object",
                  "properties": {
                    "nombreligne": {
                      "title": "NombreLigne",
                      "x-ms-dynamically-added": true,
                      "type": "string"
                    },
                    "nombrelignenonimportés": {
                      "title": "NombreLigneNonImportés",
                      "x-ms-dynamically-added": true,
                      "type": "string"
                    }
                  }
                }
              }
            }
          },
          "runAfter": {
            "VariableMailValide": [
              "Succeeded"
            ]
          },
          "expression": {
            "greaterOrEquals": [
              "@length(variables('Table'))",
              500
            ]
          },
          "metadata": {
            "operationMetadataId": "df897053-2c11-46fc-82be-e7fcc58f0ea1"
          },
          "type": "If"
        },
        "Condition_2": {
          "actions": {},
          "runAfter": {
            "Message_2": [
              "Succeeded"
            ]
          },
          "else": {
            "actions": {
              "RetourPowerAppsFichier": {
                "runAfter": {},
                "metadata": {
                  "operationMetadataId": "db3c7be8-f544-4409-a828-8551f5cd9320"
                },
                "type": "Response",
                "kind": "PowerApp",
                "inputs": {
                  "statusCode": 200,
                  "body": {
                    "nombreligne": "@{length(variables('Table'))}",
                    "nombrelignenonimportés": "@{length(variables('NombreMailsNonValide'))}"
                  },
                  "schema": {
                    "type": "object",
                    "properties": {
                      "nombreligne": {
                        "title": "NombreLigne",
                        "x-ms-dynamically-added": true,
                        "type": "string"
                      },
                      "nombrelignenonimportés": {
                        "title": "NombreLigneNonImportés",
                        "x-ms-dynamically-added": true,
                        "type": "string"
                      }
                    }
                  }
                }
              }
            }
          },
          "expression": {
            "greaterOrEquals": [
              "@length(variables('Table'))",
              500
            ]
          },
          "metadata": {
            "operationMetadataId": "347e0d75-a344-4bac-b752-4a32a5b08f7c"
          },
          "type": "If"
        },
        "Exécuter_un_flux_enfant": {
          "runAfter": {
            "Condition_2": [
              "Succeeded"
            ]
          },
          "metadata": {
            "operationMetadataId": "14924a55-c706-4060-a476-d22bec20c7e8"
          },
          "type": "Workflow",
          "inputs": {
            "host": {
              "workflowReferenceName": "534fbe97-9b03-ee11-8f6e-000d3a959fe7"
            },
            "body": {
              "text": "@outputs('Challenges')?['body/tal_supervisor']",
              "text_1": "OneDrive",
              "text_2": "Votre liste de participant (@{length(variables('NombreMailsValide'))} personnes) pour le challenge @{outputs('Challenges')?['body/tal_name']} a été importée. (@{length(variables('NombreMailsNonValide'))} n'ont pas pu être importé)"
            }
          }
        }
      }
    },
    "templateName": null
  },
  "schemaVersion": "1.0.0.0"
}