{
  "properties": {
    "connectionReferences": {
      "shared_office365_1": {
        "runtimeSource": "invoker",
        "connection": {
          "connectionReferenceLogicalName": "tal_sharedoffice365_60f67"
        },
        "api": {
          "name": "shared_office365"
        }
      },
      "shared_microsoft-20graph-20api-20-2d-201-5f0104057c893-341e6a6d3585dbe1": {
        "runtimeSource": "invoker",
        "connection": {
          "connectionReferenceLogicalName": "tal_sharedmicrosoft20graph20api202d2015f0104057c893341e6a6d3585dbe1_40549"
        },
        "api": {
          "name": "shared_tal-5fmicrosoft-20graph-20api-20-2d-201-5ff162f4c96a959693",
          "logicalName": "tal_microsoft-20graph-20api-20-2d-201"
        }
      }
    },
    "definition": {
      "$schema": "https://schema.management.azure.com/providers/Microsoft.Logic/schemas/2016-06-01/workflowdefinition.json#",
      "contentVersion": "1.0.0.0",
      "parameters": {
        "$connections": {
          "defaultValue": {},
          "type": "Object"
        },
        "$authentication": {
          "defaultValue": {},
          "type": "SecureObject"
        }
      },
      "triggers": {
        "manual": {
          "metadata": {
            "operationMetadataId": "a6018f36-91d1-446c-b4e0-98abaef080db"
          },
          "type": "Request",
          "kind": "PowerAppV2",
          "inputs": {
            "schema": {
              "type": "object",
              "properties": {},
              "required": []
            }
          }
        }
      },
      "actions": {
        "Message_DateNow-180D": {
          "runAfter": {},
          "metadata": {
            "operationMetadataId": "0568d9fd-fe93-4f75-9d95-3dcc2e555d5d"
          },
          "type": "Compose",
          "inputs": "@formatDateTime(addDays(utcNow(),-180),'yyyy-MM-dd')"
        },
        "Étendue": {
          "actions": {
            "Analyser_JSON_2": {
              "runAfter": {
                "CustomConnectorAPI": [
                  "Succeeded"
                ]
              },
              "metadata": {
                "operationMetadataId": "d442812d-7fd6-44fd-8f81-1338119d508c"
              },
              "type": "ParseJson",
              "inputs": {
                "content": "@body('CustomConnectorAPI')",
                "schema": {
                  "type": "object",
                  "properties": {
                    "@@odata.context": {
                      "type": "string"
                    },
                    "@@odata.count": {
                      "type": "integer"
                    },
                    "value": {
                      "type": "array",
                      "items": {
                        "type": "object",
                        "properties": {
                          "@@odata.type": {
                            "type": "string"
                          },
                          "@@odata.etag": {
                            "type": "string"
                          },
                          "id": {
                            "type": "string"
                          },
                          "createdDateTime": {
                            "type": "string"
                          },
                          "lastModifiedDateTime": {
                            "type": "string"
                          },
                          "changeKey": {
                            "type": "string"
                          },
                          "categories": {
                            "type": "array"
                          },
                          "receivedDateTime": {
                            "type": "string"
                          },
                          "sentDateTime": {
                            "type": "string"
                          },
                          "hasAttachments": {
                            "type": "boolean"
                          },
                          "internetMessageId": {
                            "type": "string"
                          },
                          "subject": {
                            "type": "string"
                          },
                          "bodyPreview": {
                            "type": "string"
                          },
                          "importance": {
                            "type": "string"
                          },
                          "parentFolderId": {
                            "type": "string"
                          },
                          "conversationId": {
                            "type": "string"
                          },
                          "conversationIndex": {
                            "type": "string"
                          },
                          "isDeliveryReceiptRequested": {
                            "type": "boolean"
                          },
                          "isReadReceiptRequested": {
                            "type": "boolean"
                          },
                          "isRead": {
                            "type": "boolean"
                          },
                          "isDraft": {
                            "type": "boolean"
                          },
                          "webLink": {
                            "type": "string"
                          },
                          "inferenceClassification": {
                            "type": "string"
                          },
                          "meetingMessageType": {
                            "type": "string"
                          },
                          "type": {
                            "type": "string"
                          },
                          "isOutOfDate": {
                            "type": "boolean"
                          },
                          "isAllDay": {
                            "type": "boolean"
                          },
                          "isDelegated": {
                            "type": "boolean"
                          },
                          "responseType": {
                            "type": "string"
                          },
                          "recurrence": {},
                          "body": {
                            "type": "object",
                            "properties": {
                              "contentType": {
                                "type": "string"
                              },
                              "content": {
                                "type": "string"
                              }
                            }
                          },
                          "sender": {
                            "type": "object",
                            "properties": {
                              "emailAddress": {
                                "type": "object",
                                "properties": {
                                  "name": {
                                    "type": "string"
                                  },
                                  "address": {
                                    "type": "string"
                                  }
                                }
                              }
                            }
                          },
                          "from": {
                            "type": "object",
                            "properties": {
                              "emailAddress": {
                                "type": "object",
                                "properties": {
                                  "name": {
                                    "type": "string"
                                  },
                                  "address": {
                                    "type": "string"
                                  }
                                }
                              }
                            }
                          },
                          "toRecipients": {
                            "type": "array",
                            "items": {
                              "type": "object",
                              "properties": {
                                "emailAddress": {
                                  "type": "object",
                                  "properties": {
                                    "name": {
                                      "type": "string"
                                    },
                                    "address": {
                                      "type": "string"
                                    }
                                  }
                                }
                              },
                              "required": [
                                "emailAddress"
                              ]
                            }
                          },
                          "ccRecipients": {
                            "type": "array"
                          },
                          "bccRecipients": {
                            "type": "array"
                          },
                          "replyTo": {
                            "type": "array"
                          },
                          "flag": {
                            "type": "object",
                            "properties": {
                              "flagStatus": {
                                "type": "string"
                              }
                            }
                          },
                          "startDateTime": {
                            "type": "object",
                            "properties": {
                              "dateTime": {
                                "type": "string"
                              },
                              "timeZone": {
                                "type": "string"
                              }
                            }
                          },
                          "endDateTime": {
                            "type": "object",
                            "properties": {
                              "dateTime": {
                                "type": "string"
                              },
                              "timeZone": {
                                "type": "string"
                              }
                            }
                          },
                          "location": {
                            "type": "object",
                            "properties": {
                              "displayName": {
                                "type": "string"
                              },
                              "locationType": {
                                "type": "string"
                              },
                              "uniqueIdType": {
                                "type": "string"
                              }
                            }
                          }
                        },
                        "required": [
                          "@@odata.etag",
                          "id",
                          "createdDateTime",
                          "lastModifiedDateTime"
                        ]
                      }
                    }
                  }
                }
              }
            },
            "Apply_to_each_one": {
              "foreach": "@body('Analyser_JSON_2')?['responses']",
              "actions": {
                "Apply_to_each_response": {
                  "foreach": "@items('Apply_to_each_one')?['body']?['value']",
                  "actions": {
                    "Date_email": {
                      "runAfter": {},
                      "metadata": {
                        "operationMetadataId": "ee18fd1a-5cb3-40d5-8569-d4b2692050e5"
                      },
                      "type": "OpenApiConnection",
                      "inputs": {
                        "host": {
                          "connectionName": "shared_office365_1",
                          "operationId": "DeleteEmail_V2",
                          "apiId": "/providers/Microsoft.PowerApps/apis/shared_office365"
                        },
                        "parameters": {
                          "messageId": "@items('Apply_to_each_response')?['id']"
                        },
                        "authentication": "@parameters('$authentication')"
                      }
                    }
                  },
                  "runAfter": {},
                  "metadata": {
                    "operationMetadataId": "c70807cd-dde0-47c6-98dc-f6c314dfb45f"
                  },
                  "type": "Foreach"
                }
              },
              "runAfter": {
                "Analyser_JSON_2": [
                  "Succeeded"
                ]
              },
              "metadata": {
                "operationMetadataId": "9daaa131-4060-4519-a963-749cd5194df7"
              },
              "type": "Foreach"
            },
            "CustomConnectorAPI": {
              "runAfter": {},
              "metadata": {
                "operationMetadataId": "24bece3e-1086-447a-83d8-16b151842c43"
              },
              "type": "OpenApiConnection",
              "inputs": {
                "host": {
                  "connectionName": "shared_microsoft-20graph-20api-20-2d-201-5f0104057c893-341e6a6d3585dbe1",
                  "operationId": "Batch",
                  "apiId": "/providers/Microsoft.PowerApps/apis/shared_tal-5fmicrosoft-20graph-20api-20-2d-201-5ff162f4c96a959693"
                },
                "parameters": {
                  "body": {
                    "requests": [
                      {
                        "url": "me/messages?$top=2000&$filter=(startswith(subject, 'Refusée') or startswith(subject, 'Acceptée') or startswith(subject, 'Declined') or startswith(subject, 'Accepted') or contains(from/emailAddress/address,'GrpO365@sncf.onmicrosoft.com')) and (receivedDateTime le @{outputs('Message_DateNow-180D')})&orderby receivedDateTime asc&$count=true",
                        "method": "GET",
                        "id": "1",
                        "headers": {
                          "Content-Type": "application/json"
                        }
                      }
                    ]
                  }
                },
                "authentication": "@parameters('$authentication')"
              }
            }
          },
          "runAfter": {
            "Message_DateNow-180D": [
              "Succeeded"
            ]
          },
          "metadata": {
            "operationMetadataId": "32a8a4a0-7dcc-4430-826c-621d50522bc7"
          },
          "type": "Scope"
        }
      }
    },
    "templateName": ""
  },
  "schemaVersion": "1.0.0.0"
}