{
  "properties": {
    "connectionReferences": {
      "shared_microsoft-20graph-20api-20-2d-201-5f0104057c893-341e6a6d3585dbe1": {
        "runtimeSource": "invoker",
        "connection": {
          "connectionReferenceLogicalName": "tal_sharedmicrosoft20graph20api202d2015f0104057c893341e6a6d3585dbe1_40549"
        },
        "api": {
          "name": "shared_tal-5fmicrosoft-20graph-20api-20-2d-201-5ff162f4c96a959693",
          "logicalName": "tal_microsoft-20graph-20api-20-2d-201"
        }
      }
    },
    "definition": {
      "$schema": "https://schema.management.azure.com/providers/Microsoft.Logic/schemas/2016-06-01/workflowdefinition.json#",
      "contentVersion": "1.0.0.0",
      "parameters": {
        "$connections": {
          "defaultValue": {},
          "type": "Object"
        },
        "$authentication": {
          "defaultValue": {},
          "type": "SecureObject"
        },
        "var_ecarbone_mail (tal_var_ecarbone_mail)": {
          "defaultValue": "application.mon.e-carbone@sncf.fr",
          "type": "String",
          "metadata": {
            "schemaName": "tal_var_ecarbone_mail",
            "description": "Mail generic"
          }
        }
      },
      "triggers": {
        "manual": {
          "metadata": {
            "operationMetadataId": "cbc234ca-2a63-4a1c-b29f-fe0fc44afcfc"
          },
          "type": "Request",
          "kind": "PowerAppV2",
          "inputs": {
            "schema": {
              "type": "object",
              "properties": {
                "text": {
                  "title": "ChoixMo",
                  "type": "string",
                  "x-ms-dynamically-added": true,
                  "description": "Tapez votre entrée",
                  "x-ms-content-hint": "TEXT"
                },
                "text_1": {
                  "title": "Number",
                  "type": "string",
                  "x-ms-dynamically-added": true,
                  "description": "Tapez votre entrée",
                  "x-ms-content-hint": "TEXT"
                }
              },
              "required": [
                "text",
                "text_1"
              ]
            }
          }
        }
      },
      "actions": {
        "ChoiceMOPowerApps": {
          "runAfter": {
            "initialize_the_variable": [
              "Succeeded"
            ]
          },
          "metadata": {
            "operationMetadataId": "fbc54302-8ef9-480c-9672-904749b80c1f"
          },
          "type": "Compose",
          "inputs": "@triggerBody()['text']"
        },
        "Parse_JSON": {
          "runAfter": {
            "CustomConnecteurAPI": [
              "Succeeded"
            ]
          },
          "metadata": {
            "operationMetadataId": "f1c21bd3-aacf-4902-a316-efde851bccc8"
          },
          "type": "ParseJson",
          "inputs": {
            "content": "@body('CustomConnecteurAPI')",
            "schema": {
              "type": "object",
              "properties": {
                "responses": {
                  "type": "array",
                  "items": {
                    "type": "object",
                    "properties": {
                      "id": {
                        "type": "string"
                      },
                      "status": {
                        "type": "integer"
                      },
                      "headers": {
                        "type": "object",
                        "properties": {
                          "Cache-Control": {
                            "type": "string"
                          },
                          "Content-Type": {
                            "type": "string"
                          }
                        }
                      },
                      "body": {
                        "type": "object",
                        "properties": {
                          "@@odata.context": {
                            "type": "string"
                          },
                          "value": {
                            "type": "array",
                            "items": {
                              "type": "object",
                              "properties": {
                                "@@odata.etag": {
                                  "type": "string"
                                },
                                "id": {
                                  "type": "string"
                                },
                                "createdDateTime": {
                                  "type": "string"
                                },
                                "lastModifiedDateTime": {
                                  "type": "string"
                                },
                                "changeKey": {
                                  "type": "string"
                                },
                                "categories": {
                                  "type": "array"
                                },
                                "receivedDateTime": {
                                  "type": "string"
                                },
                                "sentDateTime": {
                                  "type": "string"
                                },
                                "hasAttachments": {
                                  "type": "boolean"
                                },
                                "internetMessageId": {
                                  "type": "string"
                                },
                                "subject": {
                                  "type": "string"
                                },
                                "importance": {
                                  "type": "string"
                                },
                                "parentFolderId": {
                                  "type": "string"
                                },
                                "conversationId": {
                                  "type": "string"
                                },
                                "conversationIndex": {
                                  "type": "string"
                                },
                                "isDeliveryReceiptRequested": {
                                  "anyof": [
                                    {
                                      "type": "string"
                                    },
                                    {
                                      "type": "null"
                                    }
                                  ]
                                },
                                "isReadReceiptRequested": {
                                  "type": "boolean"
                                },
                                "isRead": {
                                  "type": "boolean"
                                },
                                "isDraft": {
                                  "type": "boolean"
                                },
                                "webLink": {
                                  "type": "string"
                                },
                                "inferenceClassification": {
                                  "type": "string"
                                },
                                "sender": {
                                  "type": "object",
                                  "properties": {
                                    "emailAddress": {
                                      "type": "object",
                                      "properties": {
                                        "name": {
                                          "type": "string"
                                        },
                                        "address": {
                                          "type": "string"
                                        }
                                      }
                                    }
                                  }
                                },
                                "from": {
                                  "type": "object",
                                  "properties": {
                                    "emailAddress": {
                                      "type": "object",
                                      "properties": {
                                        "name": {
                                          "type": "string"
                                        },
                                        "address": {
                                          "type": "string"
                                        }
                                      }
                                    }
                                  }
                                },
                                "toRecipients": {
                                  "type": "array",
                                  "items": {
                                    "type": "object",
                                    "properties": {
                                      "emailAddress": {
                                        "type": "object",
                                        "properties": {
                                          "name": {
                                            "type": "string"
                                          },
                                          "address": {
                                            "type": "string"
                                          }
                                        }
                                      }
                                    },
                                    "required": [
                                      "emailAddress"
                                    ]
                                  }
                                },
                                "ccRecipients": {
                                  "type": "array",
                                  "items": {
                                    "type": "object",
                                    "properties": {
                                      "emailAddress": {
                                        "type": "object",
                                        "properties": {
                                          "name": {
                                            "type": "string"
                                          },
                                          "address": {
                                            "type": "string"
                                          }
                                        }
                                      }
                                    },
                                    "required": [
                                      "emailAddress"
                                    ]
                                  }
                                },
                                "bccRecipients": {
                                  "type": "array"
                                },
                                "replyTo": {
                                  "type": "array"
                                },
                                "flag": {
                                  "type": "object",
                                  "properties": {
                                    "flagStatus": {
                                      "type": "string"
                                    }
                                  }
                                }
                              },
                              "required": [
                                "@@odata.etag",
                                "id",
                                "createdDateTime",
                                "lastModifiedDateTime",
                                "changeKey",
                                "categories",
                                "receivedDateTime",
                                "sentDateTime",
                                "hasAttachments",
                                "internetMessageId",
                                "subject",
                                "importance",
                                "parentFolderId",
                                "conversationId",
                                "conversationIndex",
                                "isDeliveryReceiptRequested",
                                "isReadReceiptRequested",
                                "isRead",
                                "isDraft",
                                "webLink",
                                "inferenceClassification",
                                "sender",
                                "from",
                                "toRecipients",
                                "ccRecipients",
                                "bccRecipients",
                                "replyTo",
                                "flag"
                              ]
                            }
                          }
                        }
                      }
                    },
                    "required": [
                      "id",
                      "status",
                      "headers",
                      "body"
                    ]
                  }
                }
              }
            }
          }
        },
        "initialize_the_variable": {
          "runAfter": {},
          "metadata": {
            "operationMetadataId": "05d77a44-903d-4420-9ff6-f2908df036af"
          },
          "type": "InitializeVariable",
          "inputs": {
            "variables": [
              {
                "name": "jsonMails",
                "type": "string"
              }
            ]
          }
        },
        "Applied_to_each": {
          "foreach": "@body('Parse_JSON')?['responses']",
          "actions": {
            "Add_to_string_variable": {
              "runAfter": {},
              "metadata": {
                "operationMetadataId": "d6f7b9c4-6e3d-4804-97d4-81a2f8b744f3"
              },
              "type": "AppendToStringVariable",
              "inputs": {
                "name": "jsonMails",
                "value": "@items('Applied_to_each')?['body']?['value']"
              }
            }
          },
          "runAfter": {
            "Parse_JSON": [
              "Succeeded"
            ]
          },
          "metadata": {
            "operationMetadataId": "423ff05f-a165-4bcf-91ea-a22d29ce5c63"
          },
          "type": "Foreach"
        },
        "KO_Answer": {
          "runAfter": {
            "CustomConnecteurAPI": [
              "Failed"
            ]
          },
          "metadata": {
            "operationMetadataId": "37dc2e3a-ed58-4469-8cba-5334221ccb02"
          },
          "type": "Response",
          "kind": "Http",
          "inputs": {
            "statusCode": 400,
            "body": "Une erreur est survenue lors de la récupération de vos mails. Si ce problème persiste, merci de contacter par mail @{parameters('var_ecarbone_mail (tal_var_ecarbone_mail)')}"
          }
        },
        "CustomConnecteurAPI": {
          "runAfter": {
            "ChoiceMOPowerApps": [
              "Succeeded"
            ]
          },
          "metadata": {
            "operationMetadataId": "2e3a6661-be1b-4cb1-b415-9219a97c8fa6"
          },
          "type": "OpenApiConnection",
          "inputs": {
            "host": {
              "connectionName": "shared_microsoft-20graph-20api-20-2d-201-5f0104057c893-341e6a6d3585dbe1",
              "operationId": "Batch",
              "apiId": ""
            },
            "parameters": {
              "body": {
                "requests": [
                  {
                    "url": "/me/mailFolders/Inbox/messages?$search=\"@{outputs('ChoiceMOPowerApps')}\"&$top=@{triggerBody()['text_1']}",
                    "method": "GET",
                    "id": "1",
                    "headers": {
                      "Content-Type": "application/json"
                    }
                  }
                ]
              }
            },
            "authentication": "@parameters('$authentication')"
          }
        },
        "Answer_OK_2": {
          "runAfter": {
            "Applied_to_each": [
              "Succeeded"
            ]
          },
          "metadata": {
            "operationMetadataId": "bddb050f-de55-4e40-afcf-3509adef3939"
          },
          "type": "Response",
          "kind": "Http",
          "inputs": {
            "statusCode": 200,
            "body": "@json(variables('jsonMails'))",
            "schema": {
              "type": "array",
              "items": {
                "type": "object",
                "properties": {
                  "@@odata.type": {
                    "type": "string"
                  },
                  "@@odata.etag": {
                    "type": "string"
                  },
                  "id": {
                    "type": "string"
                  },
                  "createdDateTime": {
                    "type": "string"
                  },
                  "lastModifiedDateTime": {
                    "type": "string"
                  },
                  "changeKey": {
                    "type": "string"
                  },
                  "categories": {
                    "type": "array"
                  },
                  "receivedDateTime": {
                    "type": "string"
                  },
                  "sentDateTime": {
                    "type": "string"
                  },
                  "hasAttachments": {
                    "type": "boolean"
                  },
                  "internetMessageId": {
                    "type": "string"
                  },
                  "subject": {
                    "type": "string"
                  },
                  "importance": {
                    "type": "string"
                  },
                  "parentFolderId": {
                    "type": "string"
                  },
                  "conversationId": {
                    "type": "string"
                  },
                  "conversationIndex": {
                    "type": "string"
                  },
                  "isDeliveryReceiptRequested": {},
                  "isReadReceiptRequested": {
                    "type": "boolean"
                  },
                  "isRead": {
                    "type": "boolean"
                  },
                  "isDraft": {
                    "type": "boolean"
                  },
                  "webLink": {
                    "type": "string"
                  },
                  "inferenceClassification": {
                    "type": "string"
                  },
                  "meetingMessageType": {
                    "type": "string"
                  },
                  "type": {
                    "type": "string"
                  },
                  "isOutOfDate": {
                    "type": "boolean"
                  },
                  "isAllDay": {
                    "type": "boolean"
                  },
                  "isDelegated": {
                    "type": "boolean"
                  },
                  "responseRequested": {
                    "type": "boolean"
                  },
                  "allowNewTimeProposals": {},
                  "meetingRequestType": {
                    "type": "string"
                  },
                  "sender": {
                    "type": "object",
                    "properties": {
                      "emailAddress": {
                        "type": "object",
                        "properties": {
                          "name": {
                            "type": "string"
                          },
                          "address": {
                            "type": "string"
                          }
                        }
                      }
                    }
                  },
                  "from": {
                    "type": "object",
                    "properties": {
                      "emailAddress": {
                        "type": "object",
                        "properties": {
                          "name": {
                            "type": "string"
                          },
                          "address": {
                            "type": "string"
                          }
                        }
                      }
                    }
                  },
                  "toRecipients": {
                    "type": "array",
                    "items": {
                      "type": "object",
                      "properties": {
                        "emailAddress": {
                          "type": "object",
                          "properties": {
                            "name": {
                              "type": "string"
                            },
                            "address": {
                              "type": "string"
                            }
                          }
                        }
                      }
                    }
                  },
                  "ccRecipients": {
                    "type": "array"
                  },
                  "bccRecipients": {
                    "type": "array"
                  },
                  "replyTo": {
                    "type": "array"
                  },
                  "flag": {
                    "type": "object",
                    "properties": {
                      "flagStatus": {
                        "type": "string"
                      }
                    }
                  },
                  "startDateTime": {
                    "type": "object",
                    "properties": {
                      "dateTime": {
                        "type": "string"
                      },
                      "timeZone": {
                        "type": "string"
                      }
                    }
                  },
                  "endDateTime": {
                    "type": "object",
                    "properties": {
                      "dateTime": {
                        "type": "string"
                      },
                      "timeZone": {
                        "type": "string"
                      }
                    }
                  },
                  "recurrence": {},
                  "previousLocation": {},
                  "previousStartDateTime": {},
                  "previousEndDateTime": {},
                  "location": {
                    "type": "object",
                    "properties": {
                      "displayName": {
                        "type": "string"
                      },
                      "locationType": {
                        "type": "string"
                      },
                      "uniqueIdType": {
                        "type": "string"
                      }
                    }
                  }
                }
              }
            }
          }
        }
      }
    },
    "templateName": ""
  },
  "schemaVersion": "1.0.0.0"
}