{
  "properties": {
    "connectionReferences": {
      "shared_microsoft-20graph-20api-20-2d-201-5f0104057c893-341e6a6d3585dbe1": {
        "runtimeSource": "invoker",
        "connection": {
          "connectionReferenceLogicalName": "tal_sharedmicrosoft20graph20api202d2015f0104057c893341e6a6d3585dbe1_40549"
        },
        "api": {
          "name": "shared_tal-5fmicrosoft-20graph-20api-20-2d-201-5ff162f4c96a959693",
          "logicalName": "tal_microsoft-20graph-20api-20-2d-201"
        }
      }
    },
    "definition": {
      "$schema": "https://schema.management.azure.com/providers/Microsoft.Logic/schemas/2016-06-01/workflowdefinition.json#",
      "contentVersion": "1.0.0.0",
      "parameters": {
        "$connections": {
          "defaultValue": {},
          "type": "Object"
        },
        "$authentication": {
          "defaultValue": {},
          "type": "SecureObject"
        }
      },
      "triggers": {
        "manual": {
          "metadata": {
            "operationMetadataId": "4946f72c-be11-4362-acf1-458badba6e2b"
          },
          "type": "Request",
          "kind": "PowerAppV2",
          "inputs": {
            "schema": {
              "type": "object",
              "properties": {
                "text": {
                  "title": "DateChoice",
                  "type": "string",
                  "x-ms-dynamically-added": true,
                  "description": "Tapez votre entrée",
                  "x-ms-content-hint": "TEXT"
                },
                "text_1": {
                  "title": "Number",
                  "type": "string",
                  "x-ms-dynamically-added": true,
                  "description": "100",
                  "x-ms-content-hint": "TEXT"
                }
              },
              "required": [
                "text",
                "text_1"
              ]
            }
          }
        }
      },
      "actions": {
        "ChoiceDatePowerApps": {
          "runAfter": {},
          "metadata": {
            "operationMetadataId": "fbc54302-8ef9-480c-9672-904749b80c1f"
          },
          "type": "Compose",
          "inputs": "@triggerBody()['text']"
        },
        "Analyse_JSON": {
          "runAfter": {
            "CustomConnectorAPIBatch": [
              "Succeeded"
            ]
          },
          "metadata": {
            "operationMetadataId": "f1c21bd3-aacf-4902-a316-efde851bccc8"
          },
          "type": "ParseJson",
          "inputs": {
            "content": "@body('CustomConnectorAPIBatch')",
            "schema": {
              "type": "object",
              "properties": {
                "type": {
                  "type": "string"
                },
                "items": {
                  "type": "object",
                  "properties": {
                    "type": {
                      "type": "string"
                    },
                    "properties": {
                      "type": "object",
                      "properties": {
                        "id": {
                          "type": "object",
                          "properties": {
                            "type": {
                              "type": "string"
                            }
                          }
                        },
                        "createdDateTime": {
                          "type": "object",
                          "properties": {
                            "type": {
                              "type": "string"
                            }
                          }
                        },
                        "lastModifiedDateTime": {
                          "type": "object",
                          "properties": {
                            "type": {
                              "type": "string"
                            }
                          }
                        },
                        "changeKey": {
                          "type": "object",
                          "properties": {
                            "type": {
                              "type": "string"
                            }
                          }
                        },
                        "categories": {
                          "type": "object",
                          "properties": {
                            "type": {
                              "type": "string"
                            }
                          }
                        },
                        "receivedDateTime": {
                          "type": "object",
                          "properties": {
                            "type": {
                              "type": "string"
                            }
                          }
                        },
                        "sentDateTime": {
                          "type": "object",
                          "properties": {
                            "type": {
                              "type": "string"
                            }
                          }
                        },
                        "hasAttachments": {
                          "type": "object",
                          "properties": {
                            "type": {
                              "type": "string"
                            }
                          }
                        },
                        "internetMessageId": {
                          "type": "object",
                          "properties": {
                            "type": {
                              "type": "string"
                            }
                          }
                        },
                        "subject": {
                          "type": "object",
                          "properties": {
                            "type": {
                              "type": "string"
                            }
                          }
                        },
                        "importance": {
                          "type": "object",
                          "properties": {
                            "type": {
                              "type": "string"
                            }
                          }
                        },
                        "parentFolderId": {
                          "type": "object",
                          "properties": {
                            "type": {
                              "type": "string"
                            }
                          }
                        },
                        "conversationId": {
                          "type": "object",
                          "properties": {
                            "type": {
                              "type": "string"
                            }
                          }
                        },
                        "conversationIndex": {
                          "type": "object",
                          "properties": {
                            "type": {
                              "type": "string"
                            }
                          }
                        },
                        "isDeliveryReceiptRequested": {
                          "type": "object",
                          "properties": {}
                        },
                        "isReadReceiptRequested": {
                          "type": "object",
                          "properties": {
                            "type": {
                              "type": "string"
                            }
                          }
                        },
                        "isRead": {
                          "type": "object",
                          "properties": {
                            "type": {
                              "type": "string"
                            }
                          }
                        },
                        "isDraft": {
                          "type": "object",
                          "properties": {
                            "type": {
                              "type": "string"
                            }
                          }
                        },
                        "webLink": {
                          "type": "object",
                          "properties": {
                            "type": {
                              "type": "string"
                            }
                          }
                        },
                        "inferenceClassification": {
                          "type": "object",
                          "properties": {
                            "type": {
                              "type": "string"
                            }
                          }
                        },
                        "meetingMessageType": {
                          "type": "object",
                          "properties": {
                            "type": {
                              "type": "string"
                            }
                          }
                        },
                        "type": {
                          "type": "object",
                          "properties": {
                            "type": {
                              "type": "string"
                            }
                          }
                        },
                        "isOutOfDate": {
                          "type": "object",
                          "properties": {
                            "type": {
                              "type": "string"
                            }
                          }
                        },
                        "isAllDay": {
                          "type": "object",
                          "properties": {
                            "type": {
                              "type": "string"
                            }
                          }
                        },
                        "isDelegated": {
                          "type": "object",
                          "properties": {
                            "type": {
                              "type": "string"
                            }
                          }
                        },
                        "responseRequested": {
                          "type": "object",
                          "properties": {
                            "type": {
                              "type": "string"
                            }
                          }
                        },
                        "allowNewTimeProposals": {
                          "type": "object",
                          "properties": {}
                        },
                        "meetingRequestType": {
                          "type": "object",
                          "properties": {
                            "type": {
                              "type": "string"
                            }
                          }
                        },
                        "sender": {
                          "type": "object",
                          "properties": {
                            "type": {
                              "type": "string"
                            },
                            "properties": {
                              "type": "object",
                              "properties": {
                                "emailAddress": {
                                  "type": "object",
                                  "properties": {
                                    "type": {
                                      "type": "string"
                                    },
                                    "properties": {
                                      "type": "object",
                                      "properties": {
                                        "name": {
                                          "type": "object",
                                          "properties": {
                                            "type": {
                                              "type": "string"
                                            }
                                          }
                                        },
                                        "address": {
                                          "type": "object",
                                          "properties": {
                                            "type": {
                                              "type": "string"
                                            }
                                          }
                                        }
                                      }
                                    }
                                  }
                                }
                              }
                            }
                          }
                        },
                        "from": {
                          "type": "object",
                          "properties": {
                            "type": {
                              "type": "string"
                            },
                            "properties": {
                              "type": "object",
                              "properties": {
                                "emailAddress": {
                                  "type": "object",
                                  "properties": {
                                    "type": {
                                      "type": "string"
                                    },
                                    "properties": {
                                      "type": "object",
                                      "properties": {
                                        "name": {
                                          "type": "object",
                                          "properties": {
                                            "type": {
                                              "type": "string"
                                            }
                                          }
                                        },
                                        "address": {
                                          "type": "object",
                                          "properties": {
                                            "type": {
                                              "type": "string"
                                            }
                                          }
                                        }
                                      }
                                    }
                                  }
                                }
                              }
                            }
                          }
                        },
                        "toRecipients": {
                          "type": "object",
                          "properties": {
                            "type": {
                              "type": "string"
                            },
                            "items": {
                              "type": "object",
                              "properties": {
                                "type": {
                                  "type": "string"
                                },
                                "properties": {
                                  "type": "object",
                                  "properties": {
                                    "emailAddress": {
                                      "type": "object",
                                      "properties": {
                                        "type": {
                                          "type": "string"
                                        },
                                        "properties": {
                                          "type": "object",
                                          "properties": {
                                            "name": {
                                              "type": "object",
                                              "properties": {
                                                "type": {
                                                  "type": "string"
                                                }
                                              }
                                            },
                                            "address": {
                                              "type": "object",
                                              "properties": {
                                                "type": {
                                                  "type": "string"
                                                }
                                              }
                                            }
                                          }
                                        }
                                      }
                                    }
                                  }
                                }
                              }
                            }
                          }
                        },
                        "ccRecipients": {
                          "type": "object",
                          "properties": {
                            "type": {
                              "type": "string"
                            }
                          }
                        },
                        "bccRecipients": {
                          "type": "object",
                          "properties": {
                            "type": {
                              "type": "string"
                            }
                          }
                        },
                        "replyTo": {
                          "type": "object",
                          "properties": {
                            "type": {
                              "type": "string"
                            }
                          }
                        },
                        "flag": {
                          "type": "object",
                          "properties": {
                            "type": {
                              "type": "string"
                            },
                            "properties": {
                              "type": "object",
                              "properties": {
                                "flagStatus": {
                                  "type": "object",
                                  "properties": {
                                    "type": {
                                      "type": "string"
                                    }
                                  }
                                }
                              }
                            }
                          }
                        },
                        "startDateTime": {
                          "type": "object",
                          "properties": {
                            "type": {
                              "type": "string"
                            },
                            "properties": {
                              "type": "object",
                              "properties": {
                                "dateTime": {
                                  "type": "object",
                                  "properties": {
                                    "type": {
                                      "type": "string"
                                    }
                                  }
                                },
                                "timeZone": {
                                  "type": "object",
                                  "properties": {
                                    "type": {
                                      "type": "string"
                                    }
                                  }
                                }
                              }
                            }
                          }
                        },
                        "endDateTime": {
                          "type": "object",
                          "properties": {
                            "type": {
                              "type": "string"
                            },
                            "properties": {
                              "type": "object",
                              "properties": {
                                "dateTime": {
                                  "type": "object",
                                  "properties": {
                                    "type": {
                                      "type": "string"
                                    }
                                  }
                                },
                                "timeZone": {
                                  "type": "object",
                                  "properties": {
                                    "type": {
                                      "type": "string"
                                    }
                                  }
                                }
                              }
                            }
                          }
                        },
                        "recurrence": {
                          "type": "object",
                          "properties": {}
                        },
                        "previousLocation": {
                          "type": "object",
                          "properties": {}
                        },
                        "previousStartDateTime": {
                          "type": "object",
                          "properties": {}
                        },
                        "previousEndDateTime": {
                          "type": "object",
                          "properties": {}
                        },
                        "location": {
                          "type": "object",
                          "properties": {
                            "type": {
                              "type": "string"
                            },
                            "properties": {
                              "type": "object",
                              "properties": {
                                "displayName": {
                                  "type": "object",
                                  "properties": {
                                    "type": {
                                      "type": "string"
                                    }
                                  }
                                },
                                "locationType": {
                                  "type": "object",
                                  "properties": {
                                    "type": {
                                      "type": "string"
                                    }
                                  }
                                },
                                "uniqueIdType": {
                                  "type": "object",
                                  "properties": {
                                    "type": {
                                      "type": "string"
                                    }
                                  }
                                }
                              }
                            }
                          }
                        },
                        "@@odata.type": {
                          "type": "object",
                          "properties": {
                            "type": {
                              "type": "string"
                            }
                          }
                        },
                        "@@odata.etag": {
                          "type": "object",
                          "properties": {
                            "type": {
                              "type": "string"
                            }
                          }
                        }
                      }
                    }
                  }
                }
              }
            }
          }
        },
        "Réponse_OK": {
          "runAfter": {
            "Apply_to_each_one": [
              "Succeeded"
            ]
          },
          "metadata": {
            "operationMetadataId": "bddb050f-de55-4e40-afcf-3509adef3939"
          },
          "type": "Response",
          "kind": "Http",
          "inputs": {
            "statusCode": 200,
            "body": "@json(variables('jsonMails'))",
            "schema": {
              "type": "array",
              "items": {
                "type": "object",
                "properties": {
                  "@@odata.type": {
                    "type": "string"
                  },
                  "@@odata.etag": {
                    "type": "string"
                  },
                  "id": {
                    "type": "string"
                  },
                  "createdDateTime": {
                    "type": "string"
                  },
                  "lastModifiedDateTime": {
                    "type": "string"
                  },
                  "changeKey": {
                    "type": "string"
                  },
                  "categories": {
                    "type": "array"
                  },
                  "receivedDateTime": {
                    "type": "string"
                  },
                  "sentDateTime": {
                    "type": "string"
                  },
                  "hasAttachments": {
                    "type": "boolean"
                  },
                  "internetMessageId": {
                    "type": "string"
                  },
                  "subject": {
                    "type": "string"
                  },
                  "importance": {
                    "type": "string"
                  },
                  "parentFolderId": {
                    "type": "string"
                  },
                  "conversationId": {
                    "type": "string"
                  },
                  "conversationIndex": {
                    "type": "string"
                  },
                  "isDeliveryReceiptRequested": {},
                  "isReadReceiptRequested": {
                    "type": "boolean"
                  },
                  "isRead": {
                    "type": "boolean"
                  },
                  "isDraft": {
                    "type": "boolean"
                  },
                  "webLink": {
                    "type": "string"
                  },
                  "inferenceClassification": {
                    "type": "string"
                  },
                  "meetingMessageType": {
                    "type": "string"
                  },
                  "type": {
                    "type": "string"
                  },
                  "isOutOfDate": {
                    "type": "boolean"
                  },
                  "isAllDay": {
                    "type": "boolean"
                  },
                  "isDelegated": {
                    "type": "boolean"
                  },
                  "responseRequested": {
                    "type": "boolean"
                  },
                  "allowNewTimeProposals": {},
                  "meetingRequestType": {
                    "type": "string"
                  },
                  "sender": {
                    "type": "object",
                    "properties": {
                      "emailAddress": {
                        "type": "object",
                        "properties": {
                          "name": {
                            "type": "string"
                          },
                          "address": {
                            "type": "string"
                          }
                        }
                      }
                    }
                  },
                  "from": {
                    "type": "object",
                    "properties": {
                      "emailAddress": {
                        "type": "object",
                        "properties": {
                          "name": {
                            "type": "string"
                          },
                          "address": {
                            "type": "string"
                          }
                        }
                      }
                    }
                  },
                  "toRecipients": {
                    "type": "array",
                    "items": {
                      "type": "object",
                      "properties": {
                        "emailAddress": {
                          "type": "object",
                          "properties": {
                            "name": {
                              "type": "string"
                            },
                            "address": {
                              "type": "string"
                            }
                          }
                        }
                      }
                    }
                  },
                  "ccRecipients": {
                    "type": "array"
                  },
                  "bccRecipients": {
                    "type": "array"
                  },
                  "replyTo": {
                    "type": "array"
                  },
                  "flag": {
                    "type": "object",
                    "properties": {
                      "flagStatus": {
                        "type": "string"
                      }
                    }
                  },
                  "startDateTime": {
                    "type": "object",
                    "properties": {
                      "dateTime": {
                        "type": "string"
                      },
                      "timeZone": {
                        "type": "string"
                      }
                    }
                  },
                  "endDateTime": {
                    "type": "object",
                    "properties": {
                      "dateTime": {
                        "type": "string"
                      },
                      "timeZone": {
                        "type": "string"
                      }
                    }
                  },
                  "recurrence": {},
                  "previousLocation": {},
                  "previousStartDateTime": {},
                  "previousEndDateTime": {},
                  "location": {
                    "type": "object",
                    "properties": {
                      "displayName": {
                        "type": "string"
                      },
                      "locationType": {
                        "type": "string"
                      },
                      "uniqueIdType": {
                        "type": "string"
                      }
                    }
                  }
                }
              }
            }
          }
        },
        "Apply_to_each_one": {
          "foreach": "@body('Analyse_JSON')?['responses']",
          "actions": {
            "Add_to_the_string_variable_jsonMails": {
              "runAfter": {},
              "metadata": {
                "operationMetadataId": "d6f7b9c4-6e3d-4804-97d4-81a2f8b744f3"
              },
              "type": "AppendToStringVariable",
              "inputs": {
                "name": "jsonMails",
                "value": "@items('Apply_to_each_one')?['body']?['value']"
              }
            }
          },
          "runAfter": {
            "Analyse_JSON": [
              "Succeeded"
            ]
          },
          "metadata": {
            "operationMetadataId": "423ff05f-a165-4bcf-91ea-a22d29ce5c63"
          },
          "type": "Foreach"
        },
        "Initialize_the_variable": {
          "runAfter": {
            "ChoiceDatePowerApps": [
              "Succeeded"
            ]
          },
          "metadata": {
            "operationMetadataId": "05d77a44-903d-4420-9ff6-f2908df036af"
          },
          "type": "InitializeVariable",
          "inputs": {
            "variables": [
              {
                "name": "jsonMails",
                "type": "string"
              }
            ]
          }
        },
        "CustomConnectorAPIBatch": {
          "runAfter": {
            "Initialize_the_variable": [
              "Succeeded"
            ]
          },
          "metadata": {
            "operationMetadataId": "6947f760-a767-40ff-8c33-2648b4296a05"
          },
          "type": "OpenApiConnection",
          "inputs": {
            "host": {
              "connectionName": "shared_microsoft-20graph-20api-20-2d-201-5f0104057c893-341e6a6d3585dbe1",
              "operationId": "Batch",
              "apiId": ""
            },
            "parameters": {
              "body": {
                "requests": [
                  {
                    "url": "/me/mailFolders/Inbox/messages?$filter=receivedDateTime le @{outputs('ChoiceDatePowerApps')}&$top=@{triggerBody()['text_1']}&$orderby=receivedDateTime desc",
                    "method": "GET",
                    "id": "1",
                    "headers": {
                      "Content-Type": "application/json"
                    }
                  }
                ]
              }
            },
            "authentication": "@parameters('$authentication')"
          }
        }
      }
    },
    "templateName": ""
  },
  "schemaVersion": "1.0.0.0"
}