{
  "properties": {
    "connectionReferences": {
      "shared_microsoft-20graph-20api-20-2d-201-5f0104057c893-341e6a6d3585dbe1": {
        "runtimeSource": "invoker",
        "connection": {
          "connectionReferenceLogicalName": "tal_sharedmicrosoft20graph20api202d2015f0104057c893341e6a6d3585dbe1_40549"
        },
        "api": {
          "name": "shared_tal-5fmicrosoft-20graph-20api-20-2d-201-5ff162f4c96a959693",
          "logicalName": "tal_microsoft-20graph-20api-20-2d-201"
        }
      }
    },
    "definition": {
      "$schema": "https://schema.management.azure.com/providers/Microsoft.Logic/schemas/2016-06-01/workflowdefinition.json#",
      "contentVersion": "1.0.0.0",
      "parameters": {
        "$connections": {
          "defaultValue": {},
          "type": "Object"
        },
        "$authentication": {
          "defaultValue": {},
          "type": "SecureObject"
        }
      },
      "triggers": {
        "manual": {
          "metadata": {
            "operationMetadataId": "7b657155-34ce-4917-a9f3-d2c0cea50cf9"
          },
          "type": "Request",
          "kind": "PowerAppV2",
          "inputs": {
            "schema": {
              "type": "object",
              "properties": {
                "text": {
                  "title": "DateChoice",
                  "type": "string",
                  "x-ms-dynamically-added": true,
                  "description": "Tapez votre entrée",
                  "x-ms-content-hint": "TEXT"
                },
                "text_1": {
                  "title": "Number",
                  "type": "string",
                  "x-ms-dynamically-added": true,
                  "description": "Tapez votre entrée",
                  "x-ms-content-hint": "TEXT"
                }
              },
              "required": [
                "text",
                "text_1"
              ]
            }
          }
        }
      },
      "actions": {
        "ChoiceDatePowerApps": {
          "runAfter": {},
          "metadata": {
            "operationMetadataId": "fbc54302-8ef9-480c-9672-904749b80c1f"
          },
          "type": "Compose",
          "inputs": "@triggerBody()['text']"
        },
        "Analyse_JSON": {
          "runAfter": {
            "CustomConnectorAPIBatch": [
              "Succeeded"
            ]
          },
          "metadata": {
            "operationMetadataId": "f1c21bd3-aacf-4902-a316-efde851bccc8"
          },
          "type": "ParseJson",
          "inputs": {
            "content": "@body('CustomConnectorAPIBatch')",
            "schema": {
              "type": "object",
              "properties": {
                "@@odata.context": {
                  "type": "string"
                },
                "@@odata.nextLink": {
                  "type": "string"
                },
                "value": {
                  "type": "array",
                  "items": {
                    "type": "object",
                    "properties": {
                      "@@odata.etag": {
                        "type": "string"
                      },
                      "id": {
                        "type": "string"
                      },
                      "createdDateTime": {
                        "type": "string"
                      },
                      "lastModifiedDateTime": {
                        "type": "string"
                      },
                      "changeKey": {
                        "type": "string"
                      },
                      "categories": {
                        "type": "array"
                      },
                      "receivedDateTime": {
                        "type": "string"
                      },
                      "sentDateTime": {
                        "type": "string"
                      },
                      "hasAttachments": {
                        "type": "boolean"
                      },
                      "internetMessageId": {
                        "type": "string"
                      },
                      "subject": {
                        "type": [
                          "string",
                          "null"
                        ]
                      },
                      "bodyPreview": {
                        "type": "string"
                      },
                      "importance": {
                        "type": "string"
                      },
                      "parentFolderId": {
                        "type": "string"
                      },
                      "conversationId": {
                        "type": "string"
                      },
                      "conversationIndex": {
                        "type": "string"
                      },
                      "isDeliveryReceiptRequested": {},
                      "isReadReceiptRequested": {
                        "type": "boolean"
                      },
                      "isRead": {
                        "type": "boolean"
                      },
                      "isDraft": {
                        "type": "boolean"
                      },
                      "webLink": {
                        "type": "string"
                      },
                      "inferenceClassification": {
                        "type": "string"
                      },
                      "body": {
                        "type": "object",
                        "properties": {
                          "contentType": {
                            "type": "string"
                          },
                          "content": {
                            "type": "string"
                          }
                        }
                      },
                      "sender": {
                        "type": "object",
                        "properties": {
                          "emailAddress": {
                            "type": "object",
                            "properties": {
                              "name": {
                                "type": "string"
                              },
                              "address": {
                                "type": "string"
                              }
                            }
                          }
                        }
                      },
                      "from": {
                        "type": "object",
                        "properties": {
                          "emailAddress": {
                            "type": "object",
                            "properties": {
                              "name": {
                                "type": "string"
                              },
                              "address": {
                                "type": "string"
                              }
                            }
                          }
                        }
                      },
                      "toRecipients": {
                        "type": "array",
                        "items": {
                          "type": "object",
                          "properties": {
                            "emailAddress": {
                              "type": "object",
                              "properties": {
                                "name": {
                                  "type": "string"
                                },
                                "address": {
                                  "type": "string"
                                }
                              }
                            }
                          },
                          "required": [
                            "emailAddress"
                          ]
                        }
                      },
                      "ccRecipients": {
                        "type": "array"
                      },
                      "bccRecipients": {
                        "type": "array"
                      },
                      "replyTo": {
                        "type": "array"
                      },
                      "flag": {
                        "type": "object",
                        "properties": {
                          "flagStatus": {
                            "type": "string"
                          }
                        }
                      },
                      "@@odata.type": {
                        "type": "string"
                      },
                      "meetingMessageType": {
                        "type": "string"
                      },
                      "type": {
                        "type": "string"
                      },
                      "isOutOfDate": {
                        "type": "boolean"
                      },
                      "isAllDay": {
                        "type": "boolean"
                      },
                      "isDelegated": {
                        "type": "boolean"
                      },
                      "responseRequested": {
                        "type": "boolean"
                      },
                      "allowNewTimeProposals": {},
                      "meetingRequestType": {
                        "type": "string"
                      },
                      "recurrence": {},
                      "previousLocation": {},
                      "previousStartDateTime": {},
                      "previousEndDateTime": {},
                      "startDateTime": {
                        "type": "object",
                        "properties": {
                          "dateTime": {
                            "type": "string"
                          },
                          "timeZone": {
                            "type": "string"
                          }
                        }
                      },
                      "endDateTime": {
                        "type": "object",
                        "properties": {
                          "dateTime": {
                            "type": "string"
                          },
                          "timeZone": {
                            "type": "string"
                          }
                        }
                      },
                      "location": {
                        "type": "object",
                        "properties": {
                          "displayName": {
                            "type": "string"
                          },
                          "locationType": {
                            "type": "string"
                          },
                          "uniqueIdType": {
                            "type": "string"
                          }
                        }
                      },
                      "responseType": {
                        "type": "string"
                      }
                    }
                  }
                }
              }
            }
          }
        },
        "Réponse_OK": {
          "runAfter": {
            "Apply_to_each_one": [
              "Succeeded"
            ]
          },
          "metadata": {
            "operationMetadataId": "bddb050f-de55-4e40-afcf-3509adef3939"
          },
          "type": "Response",
          "kind": "Http",
          "inputs": {
            "statusCode": 200,
            "body": "@json(variables('jsonMails'))",
            "schema": {
              "type": "array",
              "items": {
                "type": "object",
                "properties": {
                  "@@odata.type": {
                    "type": "string"
                  },
                  "@@odata.etag": {
                    "type": "string"
                  },
                  "id": {
                    "type": "string"
                  },
                  "createdDateTime": {
                    "type": "string"
                  },
                  "lastModifiedDateTime": {
                    "type": "string"
                  },
                  "changeKey": {
                    "type": "string"
                  },
                  "categories": {
                    "type": "array"
                  },
                  "receivedDateTime": {
                    "type": "string"
                  },
                  "sentDateTime": {
                    "type": "string"
                  },
                  "hasAttachments": {
                    "type": "boolean"
                  },
                  "internetMessageId": {
                    "type": "string"
                  },
                  "subject": {
                    "type": "string"
                  },
                  "importance": {
                    "type": "string"
                  },
                  "parentFolderId": {
                    "type": "string"
                  },
                  "conversationId": {
                    "type": "string"
                  },
                  "conversationIndex": {
                    "type": "string"
                  },
                  "isDeliveryReceiptRequested": {},
                  "isReadReceiptRequested": {
                    "type": "boolean"
                  },
                  "isRead": {
                    "type": "boolean"
                  },
                  "isDraft": {
                    "type": "boolean"
                  },
                  "webLink": {
                    "type": "string"
                  },
                  "inferenceClassification": {
                    "type": "string"
                  },
                  "meetingMessageType": {
                    "type": "string"
                  },
                  "type": {
                    "type": "string"
                  },
                  "isOutOfDate": {
                    "type": "boolean"
                  },
                  "isAllDay": {
                    "type": "boolean"
                  },
                  "isDelegated": {
                    "type": "boolean"
                  },
                  "responseRequested": {
                    "type": "boolean"
                  },
                  "allowNewTimeProposals": {},
                  "meetingRequestType": {
                    "type": "string"
                  },
                  "sender": {
                    "type": "object",
                    "properties": {
                      "emailAddress": {
                        "type": "object",
                        "properties": {
                          "name": {
                            "type": "string"
                          },
                          "address": {
                            "type": "string"
                          }
                        }
                      }
                    }
                  },
                  "from": {
                    "type": "object",
                    "properties": {
                      "emailAddress": {
                        "type": "object",
                        "properties": {
                          "name": {
                            "type": "string"
                          },
                          "address": {
                            "type": "string"
                          }
                        }
                      }
                    }
                  },
                  "toRecipients": {
                    "type": "array",
                    "items": {
                      "type": "object",
                      "properties": {
                        "emailAddress": {
                          "type": "object",
                          "properties": {
                            "name": {
                              "type": "string"
                            },
                            "address": {
                              "type": "string"
                            }
                          }
                        }
                      }
                    }
                  },
                  "ccRecipients": {
                    "type": "array"
                  },
                  "bccRecipients": {
                    "type": "array"
                  },
                  "replyTo": {
                    "type": "array"
                  },
                  "flag": {
                    "type": "object",
                    "properties": {
                      "flagStatus": {
                        "type": "string"
                      }
                    }
                  },
                  "startDateTime": {
                    "type": "object",
                    "properties": {
                      "dateTime": {
                        "type": "string"
                      },
                      "timeZone": {
                        "type": "string"
                      }
                    }
                  },
                  "endDateTime": {
                    "type": "object",
                    "properties": {
                      "dateTime": {
                        "type": "string"
                      },
                      "timeZone": {
                        "type": "string"
                      }
                    }
                  },
                  "recurrence": {},
                  "previousLocation": {},
                  "previousStartDateTime": {},
                  "previousEndDateTime": {},
                  "location": {
                    "type": "object",
                    "properties": {
                      "displayName": {
                        "type": "string"
                      },
                      "locationType": {
                        "type": "string"
                      },
                      "uniqueIdType": {
                        "type": "string"
                      }
                    }
                  }
                }
              }
            }
          }
        },
        "Apply_to_each_one": {
          "foreach": "@body('Analyse_JSON')?['responses']",
          "actions": {
            "Add_to_the_string_variable_jsonMail": {
              "runAfter": {},
              "metadata": {
                "operationMetadataId": "d6f7b9c4-6e3d-4804-97d4-81a2f8b744f3"
              },
              "type": "AppendToStringVariable",
              "inputs": {
                "name": "jsonMails",
                "value": "@items('Apply_to_each_one')?['body']?['value']"
              }
            }
          },
          "runAfter": {
            "Analyse_JSON": [
              "Succeeded"
            ]
          },
          "metadata": {
            "operationMetadataId": "423ff05f-a165-4bcf-91ea-a22d29ce5c63"
          },
          "type": "Foreach"
        },
        "Initialize_jsonMails": {
          "runAfter": {
            "ChoiceDatePowerApps": [
              "Succeeded"
            ]
          },
          "metadata": {
            "operationMetadataId": "05d77a44-903d-4420-9ff6-f2908df036af"
          },
          "type": "InitializeVariable",
          "inputs": {
            "variables": [
              {
                "name": "jsonMails",
                "type": "string"
              }
            ]
          }
        },
        "CustomConnectorAPIBatch": {
          "runAfter": {
            "Initialize_jsonMails": [
              "Succeeded"
            ]
          },
          "metadata": {
            "operationMetadataId": "38bf6a0c-ad6b-4b6f-83d6-3f31757f3ffc"
          },
          "type": "OpenApiConnection",
          "inputs": {
            "host": {
              "connectionName": "shared_microsoft-20graph-20api-20-2d-201-5f0104057c893-341e6a6d3585dbe1",
              "operationId": "Batch",
              "apiId": ""
            },
            "parameters": {
              "body": {
                "requests": [
                  {
                    "url": "/me/mailFolders/SentItems/messages?$filter=receivedDateTime le    @{outputs('ChoiceDatePowerApps')}&$top=@{triggerBody()['text_1']}&$orderby=receivedDateTime desc",
                    "method": "GET",
                    "id": "1",
                    "headers": {
                      "Content-Type": "application/json"
                    }
                  }
                ]
              }
            },
            "authentication": "@parameters('$authentication')"
          }
        }
      }
    },
    "templateName": ""
  },
  "schemaVersion": "1.0.0.0"
}