{
  "properties": {
    "connectionReferences": {
      "shared_onedriveforbusiness_1": {
        "runtimeSource": "invoker",
        "connection": {
          "connectionReferenceLogicalName": "tal_sharedonedriveforbusiness_650f8"
        },
        "api": {
          "name": "shared_onedriveforbusiness"
        }
      },
      "shared_commondataserviceforapps": {
        "runtimeSource": "embedded",
        "connection": {
          "connectionReferenceLogicalName": "tal_sharedcommondataserviceforapps_fdaa6"
        },
        "api": {
          "name": "shared_commondataserviceforapps"
        }
      }
    },
    "definition": {
      "$schema": "https://schema.management.azure.com/providers/Microsoft.Logic/schemas/2016-06-01/workflowdefinition.json#",
      "contentVersion": "1.0.0.0",
      "parameters": {
        "$connections": {
          "defaultValue": {},
          "type": "Object"
        },
        "$authentication": {
          "defaultValue": {},
          "type": "SecureObject"
        }
      },
      "triggers": {
        "manual": {
          "metadata": {
            "operationMetadataId": "27f98bc2-875a-4f92-82ea-f0b9d1d91f77"
          },
          "type": "Request",
          "kind": "PowerAppV2",
          "inputs": {
            "schema": {
              "type": "object",
              "properties": {
                "text": {
                  "title": "IDs",
                  "type": "string",
                  "x-ms-dynamically-added": true,
                  "description": "Tapez votre entrée",
                  "x-ms-content-hint": "TEXT"
                }
              },
              "required": [
                "text"
              ]
            }
          }
        }
      },
      "actions": {
        "Appliquer_à_chacun": {
          "foreach": "@split(triggerBody()['text'], ',')",
          "actions": {
            "Increment_tailleDocsSupp_variable": {
              "runAfter": {
                "Obtenir_les_métadonnées_du_fichier": [
                  "Succeeded"
                ]
              },
              "metadata": {
                "operationMetadataId": "8556bbc6-c73f-4d28-86a4-0ee91e524d1c"
              },
              "type": "IncrementVariable",
              "inputs": {
                "name": "taillsDocsSupp",
                "value": "@float(formatNumber(div(float(outputs('Obtenir_les_métadonnées_du_fichier')?['body/Size']), 1048576),'#.00'))"
              }
            },
            "Message_-_Impossible_de_supprimer_le_fichier": {
              "runAfter": {
                "Obtenir_les_métadonnées_du_fichier": [
                  "Succeeded"
                ]
              },
              "metadata": {
                "operationMetadataId": "99bae6b6-79fd-433b-8555-1f05c0f5d2a2"
              },
              "type": "Compose",
              "inputs": "@concat('Impossible de supprimer le fichier ', items('Appliquer_à_chacun'))"
            },
            "Delete_file": {
              "runAfter": {
                "Increment_tailleDocsSupp_variable": [
                  "Succeeded"
                ]
              },
              "metadata": {
                "operationMetadataId": "6574873a-f0b6-459c-b9fb-037af0e8c19d"
              },
              "type": "OpenApiConnection",
              "inputs": {
                "host": {
                  "connectionName": "shared_onedriveforbusiness_1",
                  "operationId": "DeleteFile",
                  "apiId": "/providers/Microsoft.PowerApps/apis/shared_onedriveforbusiness"
                },
                "parameters": {
                  "id": "@items('Appliquer_à_chacun')"
                },
                "authentication": "@parameters('$authentication')"
              }
            },
            "Obtenir_les_métadonnées_du_fichier": {
              "runAfter": {},
              "metadata": {
                "operationMetadataId": "5c29b040-f14d-4e8c-b3c4-0824f687e474"
              },
              "type": "OpenApiConnection",
              "inputs": {
                "host": {
                  "connectionName": "shared_onedriveforbusiness_1",
                  "operationId": "GetFileMetadata",
                  "apiId": "/providers/Microsoft.PowerApps/apis/shared_onedriveforbusiness"
                },
                "parameters": {
                  "id": "@items('Appliquer_à_chacun')"
                },
                "authentication": "@parameters('$authentication')"
              }
            }
          },
          "runAfter": {
            "Initialize_taillsDocsSupp_variable": [
              "Succeeded"
            ]
          },
          "metadata": {
            "operationMetadataId": "c5dcec6b-5aa0-4fac-bd8f-6cb1f955cafa"
          },
          "type": "Foreach"
        },
        "Initialize_countDocs_variable": {
          "runAfter": {},
          "metadata": {
            "operationMetadataId": "73c6c0cc-8f9d-43dd-a5a2-b1915a5eaa21"
          },
          "type": "InitializeVariable",
          "inputs": {
            "variables": [
              {
                "name": "countDocs",
                "type": "integer",
                "value": "@length(split(triggerBody()['text'], ','))"
              }
            ]
          }
        },
        "Initialize_taillsDocsSupp_variable": {
          "runAfter": {
            "Initialize_countDocs_variable": [
              "Succeeded"
            ]
          },
          "metadata": {
            "operationMetadataId": "691b2aab-dcd3-43d1-8b59-a7b230029cb5"
          },
          "type": "InitializeVariable",
          "inputs": {
            "variables": [
              {
                "name": "taillsDocsSupp",
                "type": "float",
                "value": 0
              }
            ]
          }
        },
        "List_Profils_rows": {
          "runAfter": {
            "Appliquer_à_chacun": [
              "Succeeded",
              "Failed",
              "Skipped",
              "TimedOut"
            ]
          },
          "metadata": {
            "operationMetadataId": "d8ad2488-e58f-4e8a-8fce-0ecda254a58f"
          },
          "type": "OpenApiConnection",
          "inputs": {
            "host": {
              "connectionName": "shared_commondataserviceforapps",
              "operationId": "ListRecords",
              "apiId": "/providers/Microsoft.PowerApps/apis/shared_commondataserviceforapps"
            },
            "parameters": {
              "entityName": "tal_profilses",
              "$filter": "emailaddress eq '@{triggerOutputs()['headers']['x-ms-user-email']}'\n",
              "$top": 1
            },
            "authentication": "@parameters('$authentication')"
          },
          "runtimeConfiguration": {
            "paginationPolicy": {
              "minimumItemCount": 100000
            }
          }
        },
        "Appliquer_à_chacun_2": {
          "foreach": "@outputs('List_Profils_rows')?['body/value']",
          "actions": {
            "Update_Profils_row": {
              "runAfter": {},
              "metadata": {
                "operationMetadataId": "d37ff9d7-5c61-43ab-9b32-d133ed4679f7"
              },
              "type": "OpenApiConnection",
              "inputs": {
                "host": {
                  "connectionName": "shared_commondataserviceforapps",
                  "operationId": "UpdateRecord",
                  "apiId": "/providers/Microsoft.PowerApps/apis/shared_commondataserviceforapps"
                },
                "parameters": {
                  "entityName": "tal_profilses",
                  "recordId": "@items('Appliquer_à_chacun_2')?['tal_profilsid']",
                  "item/tal_nbrdocsupp": "@if(equals(items('Appliquer_à_chacun_2')?['tal_nbrdocsupp'],null),variables('countDocs'),add(items('Appliquer_à_chacun_2')?['tal_nbrdocsupp'],variables('countDocs')))",
                  "item/tal_tailledocssuppmo": "@if(equals(items('Appliquer_à_chacun_2')?['tal_tailledocssupp'],null),variables('taillsDocsSupp'),add(items('Appliquer_à_chacun_2')?['tal_tailledocssupp'],variables('taillsDocsSupp')))"
                },
                "authentication": "@parameters('$authentication')"
              }
            }
          },
          "runAfter": {
            "List_Profils_rows": [
              "Succeeded"
            ]
          },
          "metadata": {
            "operationMetadataId": "1919ddf2-06f6-42f0-a1b9-88d8cf724b0c"
          },
          "type": "Foreach"
        }
      },
      "outputs": {}
    },
    "templateName": ""
  },
  "schemaVersion": "1.0.0.0"
}