{
  "properties": {
    "connectionReferences": {
      "shared_onedriveforbusiness_1": {
        "runtimeSource": "invoker",
        "connection": {
          "connectionReferenceLogicalName": "tal_sharedonedriveforbusiness_650f8"
        },
        "api": {
          "name": "shared_onedriveforbusiness"
        }
      },
      "shared_office365": {
        "runtimeSource": "invoker",
        "connection": {
          "connectionReferenceLogicalName": "tal_sharedoffice365_60f67"
        },
        "api": {
          "name": "shared_office365"
        }
      },
      "shared_commondataserviceforapps_1": {
        "runtimeSource": "embedded",
        "connection": {
          "connectionReferenceLogicalName": "tal_sharedcommondataserviceforapps_fdaa6"
        },
        "api": {
          "name": "shared_commondataserviceforapps"
        }
      }
    },
    "definition": {
      "$schema": "https://schema.management.azure.com/providers/Microsoft.Logic/schemas/2016-06-01/workflowdefinition.json#",
      "contentVersion": "1.0.0.0",
      "parameters": {
        "$connections": {
          "defaultValue": {},
          "type": "Object"
        },
        "$authentication": {
          "defaultValue": {},
          "type": "SecureObject"
        }
      },
      "triggers": {
        "manual": {
          "metadata": {
            "operationMetadataId": "39149665-b24e-478c-8ea4-42deb08de6f8"
          },
          "type": "Request",
          "kind": "PowerAppV2",
          "inputs": {
            "schema": {
              "type": "object",
              "properties": {
                "text": {
                  "title": "IDs",
                  "type": "string",
                  "x-ms-dynamically-added": true,
                  "description": "Tapez votre entrée",
                  "x-ms-content-hint": "TEXT"
                },
                "boolean": {
                  "title": "Oui/non",
                  "type": "boolean",
                  "x-ms-dynamically-added": true,
                  "description": "Sélectionnez Oui ou Non",
                  "x-ms-content-hint": "BOOLEAN"
                }
              },
              "required": [
                "text",
                "boolean"
              ]
            }
          }
        }
      },
      "actions": {
        "Condition_Archive": {
          "actions": {
            "List_file_in_folder": {
              "runAfter": {},
              "metadata": {
                "6e202211-2856-4d17-9ded-5beb8b8626b0": "/",
                "operationMetadataId": "4e241d7f-18af-4199-85e4-21e3ce055a4d"
              },
              "type": "OpenApiConnection",
              "inputs": {
                "host": {
                  "connectionName": "shared_onedriveforbusiness_1",
                  "operationId": "ListFolderV2",
                  "apiId": "/providers/Microsoft.PowerApps/apis/shared_onedriveforbusiness"
                },
                "parameters": {
                  "id": "6e202211-2856-4d17-9ded-5beb8b8626b0"
                },
                "authentication": "@parameters('$authentication')"
              }
            },
            "Filter_if_folder": {
              "runAfter": {
                "List_file_in_folder": [
                  "Succeeded"
                ]
              },
              "metadata": {
                "operationMetadataId": "6a41439d-2c76-4dca-b9c8-59e36b0193f3"
              },
              "type": "Query",
              "inputs": {
                "from": "@outputs('List_file_in_folder')?['body/value']",
                "where": "@equals(item()?['IsFolder'], true)"
              }
            },
            "Filter_folder_name_Archive_Mails": {
              "runAfter": {
                "Filter_if_folder": [
                  "Succeeded"
                ]
              },
              "metadata": {
                "operationMetadataId": "8a8c555d-3061-4c2d-8fad-0871482a2c9e"
              },
              "type": "Query",
              "inputs": {
                "from": "@body('Filter_if_folder')",
                "where": "@equals(item()?['Name'], 'Archive Mails')"
              }
            },
            "Condition_folder_empty": {
              "actions": {
                "Create_file_archive": {
                  "runAfter": {},
                  "metadata": {
                    "operationMetadataId": "07a1cd39-19a8-4c7f-a832-43d54e8e65b8"
                  },
                  "type": "OpenApiConnection",
                  "inputs": {
                    "host": {
                      "connectionName": "shared_onedriveforbusiness_1",
                      "operationId": "CreateFile",
                      "apiId": "/providers/Microsoft.PowerApps/apis/shared_onedriveforbusiness"
                    },
                    "parameters": {
                      "folderPath": "/Archive Mails",
                      "name": "fileText",
                      "body": "abc"
                    },
                    "authentication": "@parameters('$authentication')"
                  },
                  "runtimeConfiguration": {
                    "contentTransfer": {
                      "transferMode": "Chunked"
                    }
                  }
                },
                "Delete_old_file": {
                  "runAfter": {
                    "Create_file_archive": [
                      "Succeeded"
                    ]
                  },
                  "metadata": {
                    "operationMetadataId": "1e90d614-4fd2-406f-b04d-5cf1f7be67fd"
                  },
                  "type": "OpenApiConnection",
                  "inputs": {
                    "host": {
                      "connectionName": "shared_onedriveforbusiness_1",
                      "operationId": "DeleteFile",
                      "apiId": "/providers/Microsoft.PowerApps/apis/shared_onedriveforbusiness"
                    },
                    "parameters": {
                      "id": "@outputs('Create_file_archive')?['body/Id']"
                    },
                    "authentication": "@parameters('$authentication')"
                  }
                }
              },
              "runAfter": {
                "Filter_folder_name_Archive_Mails": [
                  "Succeeded"
                ]
              },
              "expression": {
                "equals": [
                  "@empty(body('Filter_folder_name_Archive_Mails'))",
                  "@true"
                ]
              },
              "metadata": {
                "operationMetadataId": "635d9a12-fff2-46db-b23a-fe68cbc27c2a"
              },
              "type": "If"
            },
            "Apply_to_each_mail": {
              "foreach": "@split(triggerBody()['text'], ',')",
              "actions": {
                "Get_Mail": {
                  "runAfter": {},
                  "metadata": {
                    "operationMetadataId": "586ea525-85af-4bd5-8977-19c6639c3b5a"
                  },
                  "type": "OpenApiConnection",
                  "inputs": {
                    "host": {
                      "connectionName": "shared_office365",
                      "operationId": "GetEmailV2",
                      "apiId": "/providers/Microsoft.PowerApps/apis/shared_office365"
                    },
                    "parameters": {
                      "messageId": "@items('Apply_to_each_mail')",
                      "mailboxAddress": "@{triggerOutputs()['headers']['x-ms-user-email']};",
                      "includeAttachments": true
                    },
                    "authentication": "@parameters('$authentication')"
                  }
                },
                "Delete_Mail": {
                  "runAfter": {
                    "Condition_Has_Attachment": [
                      "Succeeded"
                    ]
                  },
                  "metadata": {
                    "operationMetadataId": "a516b34f-9cd8-42a1-bc19-8eebaf2109ef"
                  },
                  "type": "OpenApiConnection",
                  "inputs": {
                    "host": {
                      "connectionName": "shared_office365",
                      "operationId": "DeleteEmail_V2",
                      "apiId": "/providers/Microsoft.PowerApps/apis/shared_office365"
                    },
                    "parameters": {
                      "messageId": "@items('Apply_to_each_mail')",
                      "mailboxAddress": "@{triggerOutputs()['headers']['x-ms-user-email']};"
                    },
                    "authentication": "@parameters('$authentication')"
                  }
                },
                "Condition_Has_Attachment": {
                  "actions": {
                    "Create_file_in_ArchiveMail": {
                      "runAfter": {},
                      "metadata": {
                        "operationMetadataId": "07a1cd39-19a8-4c7f-a832-43d54e8e65b8"
                      },
                      "type": "OpenApiConnection",
                      "inputs": {
                        "host": {
                          "connectionName": "shared_onedriveforbusiness_1",
                          "operationId": "CreateFile",
                          "apiId": "/providers/Microsoft.PowerApps/apis/shared_onedriveforbusiness"
                        },
                        "parameters": {
                          "folderPath": "/Archive Mails/@{if(empty(outputs('Get_Mail')?['body/subject']),'Mail sans objet',replace(replace(replace(replace(replace(replace(replace(replace(replace(replace(outputs('Get_Mail')?['body/subject'],'\"',''),'*',''),':',''),'<',''),'>',''),'?',''),'/',''),'\\',''),'|',''),'.',''))}",
                          "name": "fileText",
                          "body": "abc"
                        },
                        "authentication": "@parameters('$authentication')"
                      },
                      "runtimeConfiguration": {
                        "contentTransfer": {
                          "transferMode": "Chunked"
                        }
                      }
                    },
                    "Delete_oldFile": {
                      "runAfter": {
                        "Create_file_in_ArchiveMail": [
                          "Succeeded"
                        ]
                      },
                      "metadata": {
                        "operationMetadataId": "1e90d614-4fd2-406f-b04d-5cf1f7be67fd"
                      },
                      "type": "OpenApiConnection",
                      "inputs": {
                        "host": {
                          "connectionName": "shared_onedriveforbusiness_1",
                          "operationId": "DeleteFile",
                          "apiId": "/providers/Microsoft.PowerApps/apis/shared_onedriveforbusiness"
                        },
                        "parameters": {
                          "id": "@outputs('Create_file_in_ArchiveMail')?['body/Id']"
                        },
                        "authentication": "@parameters('$authentication')"
                      }
                    },
                    "Apply_to_each_Attchment": {
                      "foreach": "@outputs('Get_Mail')?['body/attachments']",
                      "actions": {
                        "Create_Attchement_in_ArchiveMails": {
                          "runAfter": {},
                          "metadata": {
                            "operationMetadataId": "1e799757-2f0b-47ce-a515-a0f3894f2f25"
                          },
                          "type": "OpenApiConnection",
                          "inputs": {
                            "host": {
                              "connectionName": "shared_onedriveforbusiness_1",
                              "operationId": "CreateFile",
                              "apiId": "/providers/Microsoft.PowerApps/apis/shared_onedriveforbusiness"
                            },
                            "parameters": {
                              "folderPath": "/Archive Mails/@{if(empty(outputs('Get_Mail')?['body/subject']),'Mail sans objet',replace(replace(replace(replace(replace(replace(replace(replace(replace(replace(outputs('Get_Mail')?['body/subject'],'\"',''),'*',''),':',''),'<',''),'>',''),'?',''),'/',''),'\\',''),'|',''),'.',''))}",
                              "name": "@items('Apply_to_each_Attchment')?['name']",
                              "body": "@items('Apply_to_each_Attchment')?['contentBytes']"
                            },
                            "authentication": "@parameters('$authentication')"
                          },
                          "runtimeConfiguration": {
                            "contentTransfer": {
                              "transferMode": "Chunked"
                            }
                          }
                        }
                      },
                      "runAfter": {
                        "Delete_oldFile": [
                          "Succeeded"
                        ]
                      },
                      "metadata": {
                        "operationMetadataId": "dbceeab8-e5e0-4ea6-afa8-95d1f1b08308"
                      },
                      "type": "Foreach"
                    }
                  },
                  "runAfter": {
                    "Add_value_size_mail_2": [
                      "Succeeded"
                    ]
                  },
                  "expression": {
                    "equals": [
                      "@outputs('Get_Mail')?['body/hasAttachments']",
                      "@true"
                    ]
                  },
                  "metadata": {
                    "operationMetadataId": "ebef0d90-f8ed-4008-ab29-0d4fc754d4ac"
                  },
                  "type": "If"
                },
                "Get_Size_Mail_2": {
                  "runAfter": {
                    "Get_Mail": [
                      "Succeeded"
                    ]
                  },
                  "metadata": {
                    "operationMetadataId": "e2805fc1-37e4-4c61-a3d0-2a3fe087dcfa"
                  },
                  "type": "OpenApiConnection",
                  "inputs": {
                    "host": {
                      "connectionName": "shared_office365",
                      "operationId": "HttpRequest",
                      "apiId": "/providers/Microsoft.PowerApps/apis/shared_office365"
                    },
                    "parameters": {
                      "Uri": "https://graph.microsoft.com/v1.0/me/mailFolders/SentItems/messages/@{outputs('Get_Mail')?['body/id']}?$expand=singleValueExtendedProperties($filter=Id%20eq%20'LONG%200x0E08')",
                      "Method": "GET",
                      "ContentType": "application/json"
                    },
                    "authentication": "@parameters('$authentication')"
                  }
                },
                "Analyze_JSON_mail_2": {
                  "runAfter": {
                    "Get_Size_Mail_2": [
                      "Succeeded"
                    ]
                  },
                  "metadata": {
                    "operationMetadataId": "6eba6692-3db3-4bc0-96a3-4f3f7d10448d"
                  },
                  "type": "ParseJson",
                  "inputs": {
                    "content": "@body('Get_Size_Mail_2')",
                    "schema": {
                      "type": "object",
                      "properties": {
                        "statusCode": {
                          "type": "integer"
                        },
                        "headers": {
                          "type": "object",
                          "properties": {
                            "Cache-Control": {
                              "type": "string"
                            },
                            "Transfer-Encoding": {
                              "type": "string"
                            },
                            "Strict-Transport-Security": {
                              "type": "string"
                            },
                            "request-id": {
                              "type": "string"
                            },
                            "client-request-id": {
                              "type": "string"
                            },
                            "x-ms-ags-diagnostic": {
                              "type": "string"
                            },
                            "x-ms-environment-id": {
                              "type": "string"
                            },
                            "Timing-Allow-Origin": {
                              "type": "string"
                            },
                            "x-ms-apihub-cached-response": {
                              "type": "string"
                            },
                            "x-ms-apihub-obo": {
                              "type": "string"
                            },
                            "Date": {
                              "type": "string"
                            },
                            "Content-Type": {
                              "type": "string"
                            },
                            "Content-Length": {
                              "type": "string"
                            }
                          }
                        },
                        "body": {
                          "type": "object",
                          "properties": {
                            "@@odata.context": {
                              "type": "string"
                            },
                            "value": {
                              "type": "array",
                              "items": {
                                "type": "object",
                                "properties": {
                                  "@@odata.etag": {
                                    "type": "string"
                                  },
                                  "id": {
                                    "type": "string"
                                  },
                                  "createdDateTime": {
                                    "type": "string"
                                  },
                                  "lastModifiedDateTime": {
                                    "type": "string"
                                  },
                                  "changeKey": {
                                    "type": "string"
                                  },
                                  "categories": {
                                    "type": "array"
                                  },
                                  "receivedDateTime": {
                                    "type": "string"
                                  },
                                  "sentDateTime": {
                                    "type": "string"
                                  },
                                  "hasAttachments": {
                                    "type": "boolean"
                                  },
                                  "internetMessageId": {
                                    "type": "string"
                                  },
                                  "subject": {
                                    "type": "string"
                                  },
                                  "bodyPreview": {
                                    "type": "string"
                                  },
                                  "importance": {
                                    "type": "string"
                                  },
                                  "parentFolderId": {
                                    "type": "string"
                                  },
                                  "conversationId": {
                                    "type": "string"
                                  },
                                  "conversationIndex": {
                                    "type": "string"
                                  },
                                  "isDeliveryReceiptRequested": {},
                                  "isReadReceiptRequested": {
                                    "type": "boolean"
                                  },
                                  "isRead": {
                                    "type": "boolean"
                                  },
                                  "isDraft": {
                                    "type": "boolean"
                                  },
                                  "webLink": {
                                    "type": "string"
                                  },
                                  "inferenceClassification": {
                                    "type": "string"
                                  },
                                  "body": {
                                    "type": "object",
                                    "properties": {
                                      "contentType": {
                                        "type": "string"
                                      },
                                      "content": {
                                        "type": "string"
                                      }
                                    }
                                  },
                                  "sender": {
                                    "type": "object",
                                    "properties": {
                                      "emailAddress": {
                                        "type": "object",
                                        "properties": {
                                          "name": {
                                            "type": "string"
                                          },
                                          "address": {
                                            "type": "string"
                                          }
                                        }
                                      }
                                    }
                                  },
                                  "from": {
                                    "type": "object",
                                    "properties": {
                                      "emailAddress": {
                                        "type": "object",
                                        "properties": {
                                          "name": {
                                            "type": "string"
                                          },
                                          "address": {
                                            "type": "string"
                                          }
                                        }
                                      }
                                    }
                                  },
                                  "toRecipients": {
                                    "type": "array",
                                    "items": {
                                      "type": "object",
                                      "properties": {
                                        "emailAddress": {
                                          "type": "object",
                                          "properties": {
                                            "name": {
                                              "type": "string"
                                            },
                                            "address": {
                                              "type": "string"
                                            }
                                          }
                                        }
                                      },
                                      "required": [
                                        "emailAddress"
                                      ]
                                    }
                                  },
                                  "ccRecipients": {
                                    "type": "array"
                                  },
                                  "bccRecipients": {
                                    "type": "array"
                                  },
                                  "replyTo": {
                                    "type": "array"
                                  },
                                  "flag": {
                                    "type": "object",
                                    "properties": {
                                      "flagStatus": {
                                        "type": "string"
                                      }
                                    }
                                  },
                                  "@@odata.type": {
                                    "type": "string"
                                  },
                                  "meetingMessageType": {
                                    "type": "string"
                                  },
                                  "type": {
                                    "type": "string"
                                  },
                                  "isOutOfDate": {
                                    "type": "boolean"
                                  },
                                  "isAllDay": {
                                    "type": "boolean"
                                  },
                                  "isDelegated": {
                                    "type": "boolean"
                                  },
                                  "startDateTime": {
                                    "type": "object",
                                    "properties": {
                                      "dateTime": {
                                        "type": "string"
                                      },
                                      "timeZone": {
                                        "type": "string"
                                      }
                                    }
                                  },
                                  "endDateTime": {
                                    "type": "object",
                                    "properties": {
                                      "dateTime": {
                                        "type": "string"
                                      },
                                      "timeZone": {
                                        "type": "string"
                                      }
                                    }
                                  },
                                  "location": {
                                    "type": "object",
                                    "properties": {
                                      "displayName": {
                                        "type": "string"
                                      },
                                      "locationType": {
                                        "type": "string"
                                      },
                                      "uniqueIdType": {
                                        "type": "string"
                                      }
                                    }
                                  },
                                  "recurrence": {
                                    "type": "object",
                                    "properties": {
                                      "pattern": {
                                        "type": "object",
                                        "properties": {
                                          "type": {
                                            "type": "string"
                                          },
                                          "interval": {
                                            "type": "integer"
                                          },
                                          "month": {
                                            "type": "integer"
                                          },
                                          "dayOfMonth": {
                                            "type": "integer"
                                          },
                                          "daysOfWeek": {
                                            "type": "array",
                                            "items": {
                                              "type": "string"
                                            }
                                          },
                                          "firstDayOfWeek": {
                                            "type": "string"
                                          },
                                          "index": {
                                            "type": "string"
                                          }
                                        }
                                      },
                                      "range": {
                                        "type": "object",
                                        "properties": {
                                          "type": {
                                            "type": "string"
                                          },
                                          "startDate": {
                                            "type": "string"
                                          },
                                          "endDate": {
                                            "type": "string"
                                          },
                                          "recurrenceTimeZone": {
                                            "type": "string"
                                          },
                                          "numberOfOccurrences": {
                                            "type": "integer"
                                          }
                                        }
                                      }
                                    }
                                  }
                                },
                                "required": [
                                  "@@odata.etag",
                                  "id",
                                  "createdDateTime",
                                  "lastModifiedDateTime",
                                  "changeKey",
                                  "categories",
                                  "receivedDateTime",
                                  "sentDateTime",
                                  "hasAttachments",
                                  "internetMessageId",
                                  "subject",
                                  "bodyPreview",
                                  "importance",
                                  "parentFolderId",
                                  "conversationId",
                                  "conversationIndex",
                                  "isDeliveryReceiptRequested",
                                  "isReadReceiptRequested",
                                  "isRead",
                                  "isDraft",
                                  "webLink",
                                  "inferenceClassification",
                                  "body",
                                  "sender",
                                  "from",
                                  "toRecipients",
                                  "ccRecipients",
                                  "bccRecipients",
                                  "replyTo",
                                  "flag"
                                ]
                              }
                            },
                            "@@odata.nextLink": {
                              "type": "string"
                            }
                          }
                        }
                      }
                    }
                  }
                },
                "Add_value_size_mail_2": {
                  "runAfter": {
                    "Analyze_JSON_mail_2": [
                      "Succeeded"
                    ]
                  },
                  "metadata": {
                    "operationMetadataId": "8556bbc6-c73f-4d28-86a4-0ee91e524d1c"
                  },
                  "type": "IncrementVariable",
                  "inputs": {
                    "name": "taillsMailsSupp",
                    "value": "@float(formatNumber(div(float(body('Analyze_JSON_mail_2')?['singleValueExtendedProperties']?[0]?['value']), 1048576),'#.00'))"
                  }
                }
              },
              "runAfter": {
                "Condition_folder_empty": [
                  "Succeeded"
                ]
              },
              "metadata": {
                "operationMetadataId": "c5dcec6b-5aa0-4fac-bd8f-6cb1f955cafa"
              },
              "type": "Foreach",
              "runtimeConfiguration": {
                "concurrency": {
                  "repetitions": 50
                }
              }
            },
            "Get_Profil_User": {
              "runAfter": {
                "Apply_to_each_mail": [
                  "Succeeded"
                ]
              },
              "metadata": {
                "operationMetadataId": "d8ad2488-e58f-4e8a-8fce-0ecda254a58f"
              },
              "type": "OpenApiConnection",
              "inputs": {
                "host": {
                  "connectionName": "shared_commondataserviceforapps_1",
                  "operationId": "ListRecords",
                  "apiId": "/providers/Microsoft.PowerApps/apis/shared_commondataserviceforapps"
                },
                "parameters": {
                  "entityName": "tal_profilses",
                  "$filter": "emailaddress eq '@{triggerOutputs()['headers']['x-ms-user-email']}'\n",
                  "$top": 1
                },
                "authentication": "@parameters('$authentication')"
              },
              "runtimeConfiguration": {
                "paginationPolicy": {
                  "minimumItemCount": 100000
                }
              }
            },
            "Get_LineProfil": {
              "foreach": "@outputs('Get_Profil_User')?['body/value']",
              "actions": {
                "Update_Profil": {
                  "runAfter": {},
                  "metadata": {
                    "operationMetadataId": "d37ff9d7-5c61-43ab-9b32-d133ed4679f7"
                  },
                  "type": "OpenApiConnection",
                  "inputs": {
                    "host": {
                      "connectionName": "shared_commondataserviceforapps_1",
                      "operationId": "UpdateRecord",
                      "apiId": "/providers/Microsoft.PowerApps/apis/shared_commondataserviceforapps"
                    },
                    "parameters": {
                      "entityName": "tal_profilses",
                      "recordId": "@items('Get_LineProfil')?['tal_profilsid']",
                      "item/tal_nbrmailssupp": "@if(equals(items('Get_LineProfil')?['tal_nbrmailssupp'], null), variables('countMails'), add(items('Get_LineProfil')?['tal_nbrmailssupp'], variables('countMails')))",
                      "item/tal_taillemailssuppmo": "@if(equals(items('Get_LineProfil')?['tal_taillemailssupp'], null), variables('taillsMailsSupp'), add(items('Get_LineProfil')?['tal_taillemailssupp'], variables('taillsMailsSupp')))"
                    },
                    "authentication": "@parameters('$authentication')"
                  }
                }
              },
              "runAfter": {
                "Get_Profil_User": [
                  "Succeeded"
                ]
              },
              "metadata": {
                "operationMetadataId": "1919ddf2-06f6-42f0-a1b9-88d8cf724b0c"
              },
              "type": "Foreach"
            },
            "Répondre_à_une_instance_PowerApp_ou_à_un_flux": {
              "runAfter": {
                "Get_LineProfil": [
                  "Succeeded"
                ]
              },
              "metadata": {
                "operationMetadataId": "1fb8bd82-ca49-4fc9-a42f-1f754699c18d"
              },
              "type": "Response",
              "kind": "PowerApp",
              "inputs": {
                "statusCode": 200,
                "body": {},
                "schema": {
                  "type": "object",
                  "properties": {}
                }
              }
            }
          },
          "runAfter": {
            "Initialise_var_taillsMailSupp": [
              "Succeeded"
            ]
          },
          "else": {
            "actions": {
              "Parcours_des_mails_supprimées": {
                "foreach": "@split(triggerBody()['text'], ',')",
                "actions": {
                  "Delete_Mail_2": {
                    "runAfter": {
                      "Add_value_size_mail": [
                        "Succeeded"
                      ]
                    },
                    "metadata": {
                      "operationMetadataId": "a516b34f-9cd8-42a1-bc19-8eebaf2109ef"
                    },
                    "type": "OpenApiConnection",
                    "inputs": {
                      "host": {
                        "connectionName": "shared_office365",
                        "operationId": "DeleteEmail_V2",
                        "apiId": "/providers/Microsoft.PowerApps/apis/shared_office365"
                      },
                      "parameters": {
                        "messageId": "@outputs('Get_Mail_2')?['body/id']",
                        "mailboxAddress": "@{triggerOutputs()['headers']['x-ms-user-email']};"
                      },
                      "authentication": "@parameters('$authentication')"
                    }
                  },
                  "Get_Mail_2": {
                    "runAfter": {},
                    "metadata": {
                      "operationMetadataId": "68c311f1-11cf-4c7c-a07e-ab13247cf661"
                    },
                    "type": "OpenApiConnection",
                    "inputs": {
                      "host": {
                        "connectionName": "shared_office365",
                        "operationId": "GetEmailV2",
                        "apiId": "/providers/Microsoft.PowerApps/apis/shared_office365"
                      },
                      "parameters": {
                        "messageId": "@items('Parcours_des_mails_supprimées')",
                        "mailboxAddress": "@{triggerOutputs()['headers']['x-ms-user-email']};",
                        "includeAttachments": false
                      },
                      "authentication": "@parameters('$authentication')"
                    }
                  },
                  "Get_Size_Mail": {
                    "runAfter": {
                      "Get_Mail_2": [
                        "Succeeded"
                      ]
                    },
                    "metadata": {
                      "operationMetadataId": "e2805fc1-37e4-4c61-a3d0-2a3fe087dcfa"
                    },
                    "type": "OpenApiConnection",
                    "inputs": {
                      "host": {
                        "connectionName": "shared_office365",
                        "operationId": "HttpRequest",
                        "apiId": "/providers/Microsoft.PowerApps/apis/shared_office365"
                      },
                      "parameters": {
                        "Uri": "https://graph.microsoft.com/v1.0/me/mailFolders/SentItems/messages/@{outputs('Get_Mail_2')?['body/id']}?$expand=singleValueExtendedProperties($filter=Id%20eq%20'LONG%200x0E08')",
                        "Method": "GET",
                        "ContentType": "application/json"
                      },
                      "authentication": "@parameters('$authentication')"
                    }
                  },
                  "Analyze_JSON_mail": {
                    "runAfter": {
                      "Get_Size_Mail": [
                        "Succeeded"
                      ]
                    },
                    "metadata": {
                      "operationMetadataId": "6eba6692-3db3-4bc0-96a3-4f3f7d10448d"
                    },
                    "type": "ParseJson",
                    "inputs": {
                      "content": "@body('Get_Size_Mail')",
                      "schema": {
                        "type": "object",
                        "properties": {
                          "statusCode": {
                            "type": "integer"
                          },
                          "headers": {
                            "type": "object",
                            "properties": {
                              "Cache-Control": {
                                "type": "string"
                              },
                              "Transfer-Encoding": {
                                "type": "string"
                              },
                              "Strict-Transport-Security": {
                                "type": "string"
                              },
                              "request-id": {
                                "type": "string"
                              },
                              "client-request-id": {
                                "type": "string"
                              },
                              "x-ms-ags-diagnostic": {
                                "type": "string"
                              },
                              "x-ms-environment-id": {
                                "type": "string"
                              },
                              "Timing-Allow-Origin": {
                                "type": "string"
                              },
                              "x-ms-apihub-cached-response": {
                                "type": "string"
                              },
                              "x-ms-apihub-obo": {
                                "type": "string"
                              },
                              "Date": {
                                "type": "string"
                              },
                              "Content-Type": {
                                "type": "string"
                              },
                              "Content-Length": {
                                "type": "string"
                              }
                            }
                          },
                          "body": {
                            "type": "object",
                            "properties": {
                              "@@odata.context": {
                                "type": "string"
                              },
                              "value": {
                                "type": "array",
                                "items": {
                                  "type": "object",
                                  "properties": {
                                    "@@odata.etag": {
                                      "type": "string"
                                    },
                                    "id": {
                                      "type": "string"
                                    },
                                    "createdDateTime": {
                                      "type": "string"
                                    },
                                    "lastModifiedDateTime": {
                                      "type": "string"
                                    },
                                    "changeKey": {
                                      "type": "string"
                                    },
                                    "categories": {
                                      "type": "array"
                                    },
                                    "receivedDateTime": {
                                      "type": "string"
                                    },
                                    "sentDateTime": {
                                      "type": "string"
                                    },
                                    "hasAttachments": {
                                      "type": "boolean"
                                    },
                                    "internetMessageId": {
                                      "type": "string"
                                    },
                                    "subject": {
                                      "type": "string"
                                    },
                                    "bodyPreview": {
                                      "type": "string"
                                    },
                                    "importance": {
                                      "type": "string"
                                    },
                                    "parentFolderId": {
                                      "type": "string"
                                    },
                                    "conversationId": {
                                      "type": "string"
                                    },
                                    "conversationIndex": {
                                      "type": "string"
                                    },
                                    "isDeliveryReceiptRequested": {},
                                    "isReadReceiptRequested": {
                                      "type": "boolean"
                                    },
                                    "isRead": {
                                      "type": "boolean"
                                    },
                                    "isDraft": {
                                      "type": "boolean"
                                    },
                                    "webLink": {
                                      "type": "string"
                                    },
                                    "inferenceClassification": {
                                      "type": "string"
                                    },
                                    "body": {
                                      "type": "object",
                                      "properties": {
                                        "contentType": {
                                          "type": "string"
                                        },
                                        "content": {
                                          "type": "string"
                                        }
                                      }
                                    },
                                    "sender": {
                                      "type": "object",
                                      "properties": {
                                        "emailAddress": {
                                          "type": "object",
                                          "properties": {
                                            "name": {
                                              "type": "string"
                                            },
                                            "address": {
                                              "type": "string"
                                            }
                                          }
                                        }
                                      }
                                    },
                                    "from": {
                                      "type": "object",
                                      "properties": {
                                        "emailAddress": {
                                          "type": "object",
                                          "properties": {
                                            "name": {
                                              "type": "string"
                                            },
                                            "address": {
                                              "type": "string"
                                            }
                                          }
                                        }
                                      }
                                    },
                                    "toRecipients": {
                                      "type": "array",
                                      "items": {
                                        "type": "object",
                                        "properties": {
                                          "emailAddress": {
                                            "type": "object",
                                            "properties": {
                                              "name": {
                                                "type": "string"
                                              },
                                              "address": {
                                                "type": "string"
                                              }
                                            }
                                          }
                                        },
                                        "required": [
                                          "emailAddress"
                                        ]
                                      }
                                    },
                                    "ccRecipients": {
                                      "type": "array"
                                    },
                                    "bccRecipients": {
                                      "type": "array"
                                    },
                                    "replyTo": {
                                      "type": "array"
                                    },
                                    "flag": {
                                      "type": "object",
                                      "properties": {
                                        "flagStatus": {
                                          "type": "string"
                                        }
                                      }
                                    },
                                    "@@odata.type": {
                                      "type": "string"
                                    },
                                    "meetingMessageType": {
                                      "type": "string"
                                    },
                                    "type": {
                                      "type": "string"
                                    },
                                    "isOutOfDate": {
                                      "type": "boolean"
                                    },
                                    "isAllDay": {
                                      "type": "boolean"
                                    },
                                    "isDelegated": {
                                      "type": "boolean"
                                    },
                                    "startDateTime": {
                                      "type": "object",
                                      "properties": {
                                        "dateTime": {
                                          "type": "string"
                                        },
                                        "timeZone": {
                                          "type": "string"
                                        }
                                      }
                                    },
                                    "endDateTime": {
                                      "type": "object",
                                      "properties": {
                                        "dateTime": {
                                          "type": "string"
                                        },
                                        "timeZone": {
                                          "type": "string"
                                        }
                                      }
                                    },
                                    "location": {
                                      "type": "object",
                                      "properties": {
                                        "displayName": {
                                          "type": "string"
                                        },
                                        "locationType": {
                                          "type": "string"
                                        },
                                        "uniqueIdType": {
                                          "type": "string"
                                        }
                                      }
                                    },
                                    "recurrence": {
                                      "type": "object",
                                      "properties": {
                                        "pattern": {
                                          "type": "object",
                                          "properties": {
                                            "type": {
                                              "type": "string"
                                            },
                                            "interval": {
                                              "type": "integer"
                                            },
                                            "month": {
                                              "type": "integer"
                                            },
                                            "dayOfMonth": {
                                              "type": "integer"
                                            },
                                            "daysOfWeek": {
                                              "type": "array",
                                              "items": {
                                                "type": "string"
                                              }
                                            },
                                            "firstDayOfWeek": {
                                              "type": "string"
                                            },
                                            "index": {
                                              "type": "string"
                                            }
                                          }
                                        },
                                        "range": {
                                          "type": "object",
                                          "properties": {
                                            "type": {
                                              "type": "string"
                                            },
                                            "startDate": {
                                              "type": "string"
                                            },
                                            "endDate": {
                                              "type": "string"
                                            },
                                            "recurrenceTimeZone": {
                                              "type": "string"
                                            },
                                            "numberOfOccurrences": {
                                              "type": "integer"
                                            }
                                          }
                                        }
                                      }
                                    }
                                  },
                                  "required": [
                                    "@@odata.etag",
                                    "id",
                                    "createdDateTime",
                                    "lastModifiedDateTime",
                                    "changeKey",
                                    "categories",
                                    "receivedDateTime",
                                    "sentDateTime",
                                    "hasAttachments",
                                    "internetMessageId",
                                    "subject",
                                    "bodyPreview",
                                    "importance",
                                    "parentFolderId",
                                    "conversationId",
                                    "conversationIndex",
                                    "isDeliveryReceiptRequested",
                                    "isReadReceiptRequested",
                                    "isRead",
                                    "isDraft",
                                    "webLink",
                                    "inferenceClassification",
                                    "body",
                                    "sender",
                                    "from",
                                    "toRecipients",
                                    "ccRecipients",
                                    "bccRecipients",
                                    "replyTo",
                                    "flag"
                                  ]
                                }
                              },
                              "@@odata.nextLink": {
                                "type": "string"
                              }
                            }
                          }
                        }
                      }
                    }
                  },
                  "Add_value_size_mail": {
                    "runAfter": {
                      "Analyze_JSON_mail": [
                        "Succeeded"
                      ]
                    },
                    "metadata": {
                      "operationMetadataId": "8556bbc6-c73f-4d28-86a4-0ee91e524d1c"
                    },
                    "type": "IncrementVariable",
                    "inputs": {
                      "name": "taillsMailsSupp",
                      "value": "@float(formatNumber(div(float(body('Analyze_JSON_mail')?['singleValueExtendedProperties']?[0]?['value']), 1048576),'#.00'))"
                    }
                  }
                },
                "runAfter": {},
                "metadata": {
                  "operationMetadataId": "c5dcec6b-5aa0-4fac-bd8f-6cb1f955cafa"
                },
                "type": "Foreach"
              },
              "Get_Profil_2": {
                "runAfter": {
                  "Parcours_des_mails_supprimées": [
                    "Succeeded"
                  ]
                },
                "metadata": {
                  "operationMetadataId": "d8ad2488-e58f-4e8a-8fce-0ecda254a58f"
                },
                "type": "OpenApiConnection",
                "inputs": {
                  "host": {
                    "connectionName": "shared_commondataserviceforapps_1",
                    "operationId": "ListRecords",
                    "apiId": "/providers/Microsoft.PowerApps/apis/shared_commondataserviceforapps"
                  },
                  "parameters": {
                    "entityName": "tal_profilses",
                    "$filter": "emailaddress eq '@{triggerOutputs()['headers']['x-ms-user-email']}'\n",
                    "$top": 1
                  },
                  "authentication": "@parameters('$authentication')"
                },
                "runtimeConfiguration": {
                  "paginationPolicy": {
                    "minimumItemCount": 100000
                  }
                }
              },
              "Get_LineProfil_2": {
                "foreach": "@outputs('Get_Profil_2')?['body/value']",
                "actions": {
                  "Update_Profil_2": {
                    "runAfter": {},
                    "metadata": {
                      "operationMetadataId": "d37ff9d7-5c61-43ab-9b32-d133ed4679f7"
                    },
                    "type": "OpenApiConnection",
                    "inputs": {
                      "host": {
                        "connectionName": "shared_commondataserviceforapps_1",
                        "operationId": "UpdateRecord",
                        "apiId": "/providers/Microsoft.PowerApps/apis/shared_commondataserviceforapps"
                      },
                      "parameters": {
                        "entityName": "tal_profilses",
                        "recordId": "@items('Get_LineProfil_2')?['tal_profilsid']",
                        "item/tal_nbrmailssupp": "@if(equals(items('Get_LineProfil_2')?['tal_nbrmailssupp'], null), variables('countMails'), add(items('Get_LineProfil_2')?['tal_nbrmailssupp'], variables('countMails')))",
                        "item/tal_taillemailssuppmo": "@if(equals(items('Get_LineProfil_2')?['tal_taillemailssupp'], null), variables('taillsMailsSupp'), add(items('Get_LineProfil_2')?['tal_taillemailssupp'], variables('taillsMailsSupp')))"
                      },
                      "authentication": "@parameters('$authentication')"
                    }
                  }
                },
                "runAfter": {
                  "Get_Profil_2": [
                    "Succeeded"
                  ]
                },
                "metadata": {
                  "operationMetadataId": "1919ddf2-06f6-42f0-a1b9-88d8cf724b0c"
                },
                "type": "Foreach"
              },
              "Répondre_à_une_instance_PowerApp_ou_à_un_flux_2": {
                "runAfter": {
                  "Get_LineProfil_2": [
                    "Succeeded"
                  ]
                },
                "metadata": {
                  "operationMetadataId": "f4ac40fd-6265-4625-a4e6-f828d8926a1f"
                },
                "type": "Response",
                "kind": "PowerApp",
                "inputs": {
                  "statusCode": 200,
                  "body": {},
                  "schema": {
                    "type": "object",
                    "properties": {}
                  }
                }
              }
            }
          },
          "expression": {
            "equals": [
              "@triggerBody()['boolean']",
              "@true"
            ]
          },
          "metadata": {
            "operationMetadataId": "0b7a033e-2132-4d32-b284-0dba1e149b39"
          },
          "type": "If"
        },
        "Initialise_var_countMails": {
          "runAfter": {},
          "metadata": {
            "operationMetadataId": "73c6c0cc-8f9d-43dd-a5a2-b1915a5eaa21"
          },
          "type": "InitializeVariable",
          "inputs": {
            "variables": [
              {
                "name": "countMails",
                "type": "integer",
                "value": "@length(split(triggerBody()['text'], ','))"
              }
            ]
          }
        },
        "Initialise_var_taillsMailSupp": {
          "runAfter": {
            "Initialise_var_countMails": [
              "Succeeded"
            ]
          },
          "metadata": {
            "operationMetadataId": "691b2aab-dcd3-43d1-8b59-a7b230029cb5"
          },
          "type": "InitializeVariable",
          "inputs": {
            "variables": [
              {
                "name": "taillsMailsSupp",
                "type": "float",
                "value": 0
              }
            ]
          }
        }
      },
      "outputs": {}
    },
    "templateName": ""
  },
  "schemaVersion": "1.0.0.0"
}