{
  "properties": {
    "connectionReferences": {
      "shared_office365": {
        "runtimeSource": "invoker",
        "connection": {
          "connectionReferenceLogicalName": "tal_sharedoffice365_60f67"
        },
        "api": {
          "name": "shared_office365"
        }
      }
    },
    "definition": {
      "$schema": "https://schema.management.azure.com/providers/Microsoft.Logic/schemas/2016-06-01/workflowdefinition.json#",
      "contentVersion": "1.0.0.0",
      "parameters": {
        "$connections": {
          "defaultValue": {},
          "type": "Object"
        },
        "$authentication": {
          "defaultValue": {},
          "type": "SecureObject"
        }
      },
      "triggers": {
        "manual": {
          "metadata": {
            "operationMetadataId": "2e3b3677-0cee-4fd6-8257-68891d206a8a"
          },
          "type": "Request",
          "kind": "PowerAppV2",
          "inputs": {
            "schema": {
              "type": "object",
              "properties": {
                "text": {
                  "title": "MailParticipant",
                  "type": "string",
                  "x-ms-dynamically-added": true,
                  "description": "Mail du destinataire",
                  "x-ms-content-hint": "TEXT"
                },
                "text_1": {
                  "title": "Challenge",
                  "type": "string",
                  "x-ms-dynamically-added": true,
                  "description": "Nom du challenge",
                  "x-ms-content-hint": "TEXT"
                },
                "text_2": {
                  "title": "Participant",
                  "type": "string",
                  "x-ms-dynamically-added": true,
                  "description": "prenom du participant",
                  "x-ms-content-hint": "TEXT"
                }
              },
              "required": [
                "text",
                "text_1",
                "text_2"
              ]
            }
          }
        }
      },
      "actions": {
        "Send_an_email_(V2)": {
          "runAfter": {},
          "metadata": {
            "operationMetadataId": "bf984431-0d88-457e-91db-6db984f84116"
          },
          "type": "OpenApiConnection",
          "inputs": {
            "host": {
              "connectionName": "shared_office365",
              "operationId": "SendEmailV2",
              "apiId": "/providers/Microsoft.PowerApps/apis/shared_office365"
            },
            "parameters": {
              "emailMessage/To": "@triggerBody()['text']",
              "emailMessage/Subject": "Relevez le défi ! 🎯 Le challenge @{triggerBody()['text_1']} vous attend",
              "emailMessage/Body": "<p>Bonjour @{triggerBody()['text_2']},<br>\n<br>\nVous êtes invité(e) à relever un challenge simple et utile :<br>\nFaire le tri dans votre boîte Outlook et votre espace OneDrive !<br>\n<br>\n🧹 Objectif :<br>\n→ Libérer de l’espace, gagner en clarté, et améliorer les performances de vos outils.<br>\n<br>\n🎯 Pourquoi participer ?<br>\n<br>\nDiminuer le poids de vos données<br>\n<br>\nGagner en efficacité au quotidien<br>\n<br>\nAdopter de bons réflexes numériques</p>",
              "emailMessage/Importance": "Normal"
            },
            "authentication": "@parameters('$authentication')"
          }
        }
      },
      "outputs": {}
    },
    "templateName": ""
  },
  "schemaVersion": "1.0.0.0"
}