{
  "properties": {
    "connectionReferences": {
      "shared_commondataserviceforapps": {
        "runtimeSource": "embedded",
        "connection": {
          "connectionReferenceLogicalName": "tal_sharedcommondataserviceforapps_fdaa6"
        },
        "api": {
          "name": "shared_commondataserviceforapps"
        }
      },
      "shared_graphapi-2dgetmydrive-20-2d-201-5f0104057c89352-72f53503c97ba03c": {
        "runtimeSource": "invoker",
        "connection": {
          "connectionReferenceLogicalName": "tal_sharedgraphapi2dgetmydrive202d2015f0104057c8935272f53503c97ba03c_0c6a9"
        },
        "api": {
          "name": "shared_tal-5fgraphapi-2dgetmydrive-20-2d-201-5ff162f4c96a959693",
          "logicalName": "tal_graphapi-2dgetmydrive-20-2d-201"
        }
      }
    },
    "definition": {
      "$schema": "https://schema.management.azure.com/providers/Microsoft.Logic/schemas/2016-06-01/workflowdefinition.json#",
      "contentVersion": "1.0.0.0",
      "parameters": {
        "$connections": {
          "defaultValue": {},
          "type": "Object"
        },
        "$authentication": {
          "defaultValue": {},
          "type": "SecureObject"
        }
      },
      "triggers": {
        "manual": {
          "metadata": {
            "operationMetadataId": "d1b8e5c1-82cd-416c-b3e3-7f786f57f914"
          },
          "type": "Request",
          "kind": "PowerAppV2",
          "inputs": {
            "schema": {
              "type": "object",
              "properties": {},
              "required": []
            }
          }
        }
      },
      "actions": {
        "initialize_IsError_variable": {
          "runAfter": {},
          "metadata": {
            "operationMetadataId": "2087015d-8086-466c-901b-44c861ee1633"
          },
          "type": "InitializeVariable",
          "inputs": {
            "variables": [
              {
                "name": "IsError",
                "type": "boolean",
                "value": false
              }
            ]
          }
        },
        "Condition": {
          "actions": {
            "Analyze_JSON": {
              "runAfter": {},
              "metadata": {
                "operationMetadataId": "6a5b8bef-2c71-4015-88e1-e26dc0b30415"
              },
              "type": "ParseJson",
              "inputs": {
                "content": "@body('APIGraph-GetMyOutlook')",
                "schema": {
                  "type": "object",
                  "properties": {
                    "@@odata.context": {
                      "type": "string"
                    },
                    "value": {
                      "type": "array",
                      "items": {
                        "type": "object",
                        "properties": {
                          "id": {
                            "type": "string"
                          },
                          "displayName": {
                            "type": "string"
                          },
                          "parentFolderId": {
                            "type": "string"
                          },
                          "childFolderCount": {
                            "type": "integer"
                          },
                          "unreadItemCount": {
                            "type": "integer"
                          },
                          "totalItemCount": {
                            "type": "integer"
                          },
                          "sizeInBytes": {
                            "type": "integer"
                          },
                          "isHidden": {
                            "type": "boolean"
                          }
                        },
                        "required": [
                          "id",
                          "displayName",
                          "parentFolderId",
                          "childFolderCount",
                          "unreadItemCount",
                          "totalItemCount",
                          "sizeInBytes",
                          "isHidden"
                        ]
                      }
                    },
                    "@@odata.nextLink": {
                      "type": "string"
                    }
                  }
                }
              }
            },
            "List_Profils_lines": {
              "runAfter": {
                "Message_-_SizeOutlook": [
                  "Succeeded"
                ]
              },
              "metadata": {
                "operationMetadataId": "f557a679-018b-4eb5-915a-5b45f08cc104"
              },
              "type": "OpenApiConnection",
              "inputs": {
                "host": {
                  "connectionName": "shared_commondataserviceforapps",
                  "operationId": "ListRecords",
                  "apiId": "/providers/Microsoft.PowerApps/apis/shared_commondataserviceforapps"
                },
                "parameters": {
                  "entityName": "tal_profilses",
                  "$filter": "emailaddress eq '@{triggerOutputs()['headers']['x-ms-user-email']}'"
                },
                "authentication": "@parameters('$authentication')"
              }
            },
            "applied_to_each": {
              "foreach": "@outputs('List_Profils_lines')?['body/value']",
              "actions": {
                "Update_Profils_line": {
                  "runAfter": {},
                  "metadata": {
                    "operationMetadataId": "b5062ba8-2b8a-4675-80b2-03baa7a4010d"
                  },
                  "type": "OpenApiConnection",
                  "inputs": {
                    "host": {
                      "connectionName": "shared_commondataserviceforapps",
                      "operationId": "UpdateRecord",
                      "apiId": "/providers/Microsoft.PowerApps/apis/shared_commondataserviceforapps"
                    },
                    "parameters": {
                      "entityName": "tal_profilses",
                      "recordId": "@items('applied_to_each')?['tal_profilsid']",
                      "item/tal_espaceoutlook": "@variables('SizeOutlook')",
                      "item/tal_espaceoutlookinitial": "@variables('SizeOutlook')"
                    },
                    "authentication": "@parameters('$authentication')"
                  }
                }
              },
              "runAfter": {
                "List_Profils_lines": [
                  "Succeeded"
                ]
              },
              "metadata": {
                "operationMetadataId": "8e42b124-df83-47af-a13f-d287cb0bb6e6"
              },
              "type": "Foreach"
            },
            "applied_to_each_folder_outlook": {
              "foreach": "@body('Analyze_JSON')?['value']",
              "actions": {
                "define_SizeOutlook_variable": {
                  "runAfter": {},
                  "metadata": {
                    "operationMetadataId": "e4b8b0df-a217-4fd2-b110-52e7ae5bbfb1"
                  },
                  "type": "IncrementVariable",
                  "inputs": {
                    "name": "SizeOutlook",
                    "value": "@div(int(items('applied_to_each_folder_outlook')?['sizeInBytes']),1048576)"
                  }
                }
              },
              "runAfter": {
                "Analyze_JSON": [
                  "Succeeded"
                ]
              },
              "metadata": {
                "operationMetadataId": "fbcdc60e-1d54-4eff-9c34-fa2ca1d17316"
              },
              "type": "Foreach",
              "runtimeConfiguration": {
                "concurrency": {
                  "repetitions": 50
                }
              }
            },
            "Message_-_SizeOutlook": {
              "runAfter": {
                "applied_to_each_folder_outlook": [
                  "Succeeded"
                ]
              },
              "metadata": {
                "operationMetadataId": "c93804bf-102e-40d8-a417-08f14cb059f3"
              },
              "type": "Compose",
              "inputs": "@variables('SizeOutlook')"
            }
          },
          "runAfter": {
            "Return_Code_Poster": [
              "Succeeded"
            ]
          },
          "else": {
            "actions": {
              "define_IsError_variable": {
                "runAfter": {},
                "metadata": {
                  "operationMetadataId": "5811d1b9-0612-4110-86da-d4b68a5a1483"
                },
                "type": "SetVariable",
                "inputs": {
                  "name": "IsError",
                  "value": true
                }
              }
            }
          },
          "expression": {
            "less": [
              "@int(outputs('Return_Code_Poster'))",
              400
            ]
          },
          "metadata": {
            "operationMetadataId": "d9c408f0-f266-487c-aca3-e6ae86d702a9"
          },
          "type": "If"
        },
        "Condition_2": {
          "actions": {
            "Respond_to_a_PowerApp_instance_or_stream_-_KO": {
              "runAfter": {},
              "metadata": {
                "operationMetadataId": "43bc7a2b-7651-4fcb-b9bf-1937fcbd0a23"
              },
              "type": "Response",
              "kind": "PowerApp",
              "inputs": {
                "statusCode": 200,
                "body": {
                  "finflux": "KO",
                  "taille": "0"
                },
                "schema": {
                  "type": "object",
                  "properties": {
                    "finflux": {
                      "title": "finFlux",
                      "x-ms-dynamically-added": true,
                      "type": "string"
                    },
                    "taille": {
                      "title": "taille",
                      "x-ms-dynamically-added": true,
                      "type": "string"
                    }
                  }
                }
              }
            }
          },
          "runAfter": {
            "Message_-_SizeOutlook2": [
              "Succeeded"
            ]
          },
          "else": {
            "actions": {
              "Respond_to_a_PowerApp_instance_or_stream_-_OK": {
                "runAfter": {},
                "metadata": {
                  "operationMetadataId": "6c133914-2a88-4c08-a85e-c085c13d4e91"
                },
                "type": "Response",
                "kind": "PowerApp",
                "inputs": {
                  "statusCode": 200,
                  "body": {
                    "finflux": "OK",
                    "taille": "@{variables('SizeOutlook')}"
                  },
                  "schema": {
                    "type": "object",
                    "properties": {
                      "finflux": {
                        "title": "finFlux",
                        "x-ms-dynamically-added": true,
                        "type": "string"
                      },
                      "taille": {
                        "title": "taille",
                        "x-ms-dynamically-added": true,
                        "type": "string"
                      }
                    }
                  }
                }
              }
            }
          },
          "expression": {
            "equals": [
              "@variables('IsError')",
              true
            ]
          },
          "metadata": {
            "operationMetadataId": "d455c2c5-c06d-412e-818a-96aefc509c11"
          },
          "type": "If"
        },
        "Return_Code_Poster": {
          "runAfter": {
            "APIGraph-GetMyOutlook": [
              "Succeeded"
            ]
          },
          "metadata": {
            "operationMetadataId": "ada81fb2-d7e7-4a35-8f08-206482ef6b60"
          },
          "type": "Compose",
          "inputs": "@outputs('APIGraph-GetMyOutlook')?['statusCode']"
        },
        "APIGraph-GetMyOutlook": {
          "runAfter": {
            "initialize_SizeOutlook_variable": [
              "Succeeded"
            ]
          },
          "metadata": {
            "operationMetadataId": "ba11f602-1a26-4c50-9801-3ab8dd5b4963"
          },
          "type": "OpenApiConnection",
          "inputs": {
            "host": {
              "connectionName": "shared_graphapi-2dgetmydrive-20-2d-201-5f0104057c89352-72f53503c97ba03c",
              "operationId": "APIGraph-GetMyOutlook",
              "apiId": ""
            },
            "parameters": {
              "$top": 1000
            },
            "authentication": "@parameters('$authentication')"
          }
        },
        "initialize_SizeOutlook_variable": {
          "runAfter": {
            "initialize_IsError_variable": [
              "Succeeded"
            ]
          },
          "metadata": {
            "operationMetadataId": "8400d058-c18f-45dc-b076-8647ab7977e7"
          },
          "type": "InitializeVariable",
          "inputs": {
            "variables": [
              {
                "name": "SizeOutlook",
                "type": "integer",
                "value": 0
              }
            ]
          }
        },
        "Message_-_SizeOutlook2": {
          "runAfter": {
            "Condition": [
              "Succeeded"
            ]
          },
          "metadata": {
            "operationMetadataId": "e7bbd77d-c364-4024-a094-adaff8d201b9"
          },
          "type": "Compose",
          "inputs": "@variables('SizeOutlook')"
        }
      }
    },
    "templateName": ""
  },
  "schemaVersion": "1.0.0.0"
}