{
  "properties": {
    "connectionReferences": {
      "shared_office365users_1": {
        "runtimeSource": "embedded",
        "connection": {
          "connectionReferenceLogicalName": "tal_sharedoffice365users_38ea7"
        },
        "api": {
          "name": "shared_office365users"
        }
      }
    },
    "definition": {
      "$schema": "https://schema.management.azure.com/providers/Microsoft.Logic/schemas/2016-06-01/workflowdefinition.json#",
      "contentVersion": "1.0.0.0",
      "parameters": {
        "$connections": {
          "defaultValue": {},
          "type": "Object"
        },
        "$authentication": {
          "defaultValue": {},
          "type": "SecureObject"
        }
      },
      "triggers": {
        "manual": {
          "metadata": {
            "operationMetadataId": "729dc8dd-2fde-431d-9cbc-6bba1076b59e"
          },
          "type": "Request",
          "kind": "Button",
          "inputs": {
            "schema": {
              "type": "object",
              "properties": {
                "text": {
                  "title": "Mail",
                  "type": "string",
                  "x-ms-dynamically-added": true,
                  "description": "Tapez votre entrée",
                  "x-ms-content-hint": "TEXT"
                }
              },
              "required": [
                "text"
              ]
            }
          }
        }
      },
      "actions": {
        "Obtenir_le_profil_de_l'utilisateur_(V2)": {
          "runAfter": {},
          "metadata": {
            "operationMetadataId": "79dce97a-dc3a-453e-a27e-12a5ba2987e6"
          },
          "type": "OpenApiConnection",
          "inputs": {
            "host": {
              "connectionName": "shared_office365users_1",
              "operationId": "UserProfile_V2",
              "apiId": "/providers/Microsoft.PowerApps/apis/shared_office365users"
            },
            "parameters": {
              "id": "@triggerBody()['text']"
            },
            "authentication": {
              "type": "Raw",
              "value": "@json(decodeBase64(triggerOutputs().headers['X-MS-APIM-Tokens']))['$ConnectionKey']"
            },
            "retryPolicy": {
              "type": "none"
            }
          }
        },
        "Respond_to_a_Power_App_or_flow": {
          "runAfter": {
            "Obtenir_le_profil_de_l'utilisateur_(V2)": [
              "Succeeded"
            ]
          },
          "metadata": {
            "operationMetadataId": "15ba7b2e-2d11-4a00-a799-622e72f416e1"
          },
          "type": "Response",
          "kind": "PowerApp",
          "inputs": {
            "statusCode": 200,
            "body": {
              "nomutilisateur": "@outputs('Obtenir_le_profil_de_l''utilisateur_(V2)')?['body/displayName']",
              "mail": "@outputs('Obtenir_le_profil_de_l''utilisateur_(V2)')?['body/mail']",
              "upn": "@outputs('Obtenir_le_profil_de_l''utilisateur_(V2)')?['body/userPrincipalName']"
            },
            "schema": {
              "type": "object",
              "properties": {
                "nomutilisateur": {
                  "title": "NomUtilisateur",
                  "x-ms-dynamically-added": true,
                  "type": "string"
                },
                "mail": {
                  "title": "Mail",
                  "x-ms-dynamically-added": true,
                  "type": "string"
                },
                "upn": {
                  "title": "UPN",
                  "x-ms-dynamically-added": true,
                  "type": "string"
                }
              }
            }
          }
        }
      }
    },
    "templateName": ""
  },
  "schemaVersion": "1.0.0.0"
}