{
  "properties": {
    "connectionReferences": {
      "shared_commondataserviceforapps_1": {
        "runtimeSource": "embedded",
        "connection": {
          "connectionReferenceLogicalName": "tal_sharedcommondataserviceforapps_fdaa6"
        },
        "api": {
          "name": "shared_commondataserviceforapps"
        }
      },
      "shared_office365_1": {
        "runtimeSource": "embedded",
        "connection": {
          "connectionReferenceLogicalName": "tal_sharedoffice365_60f67"
        },
        "api": {
          "name": "shared_office365"
        }
      }
    },
    "definition": {
      "$schema": "https://schema.management.azure.com/providers/Microsoft.Logic/schemas/2016-06-01/workflowdefinition.json#",
      "contentVersion": "1.0.0.0",
      "parameters": {
        "$connections": {
          "defaultValue": {},
          "type": "Object"
        },
        "$authentication": {
          "defaultValue": {},
          "type": "SecureObject"
        },
        "var_ecarbone_appId (tal_var_ecarbone_appId)": {
          "defaultValue": "bab735a1-3a16-4f13-83f4-179ee6d0efd3",
          "type": "String",
          "metadata": {
            "schemaName": "tal_var_ecarbone_appId"
          }
        },
        "var_ecarbone_tenantId (tal_var_ecarbone_tenantId)": {
          "defaultValue": "4a7c8238-5799-4b16-9fc6-9ad8fce5a7d9",
          "type": "String",
          "metadata": {
            "schemaName": "tal_var_ecarbone_tenantId"
          }
        },
        "var_ecarbone_secret (tal_var_ecarbone_secret)": {
          "defaultValue": "ncK8Q~dlLhrcXbitOyK6~CFE-8bHmzM~2IMEQcHZ",
          "type": "String",
          "metadata": {
            "schemaName": "tal_var_ecarbone_secret"
          }
        },
        "var_ecarbone_teamsApps (tal_var_ecarbone_teamsApps)": {
          "defaultValue": "729213ae-9f5a-4ebd-bec4-9973fb8a0f43",
          "type": "String",
          "metadata": {
            "schemaName": "tal_var_ecarbone_teamsApps"
          }
        }
      },
      "triggers": {
        "Recurrence": {
          "recurrence": {
            "frequency": "Week",
            "interval": 1,
            "timeZone": "Romance Standard Time",
            "startTime": "2023-07-19T08:00:00Z",
            "schedule": {
              "weekDays": [
                "Monday",
                "Tuesday",
                "Wednesday",
                "Thursday",
                "Friday"
              ],
              "hours": [
                "8",
                "13",
                "17"
              ]
            }
          },
          "metadata": {
            "operationMetadataId": "a24d8bb9-e83c-4606-b84f-673e6f64ff4d"
          },
          "type": "Recurrence"
        }
      },
      "actions": {
        "List_Challenges_row": {
          "runAfter": {
            "Message_-_Date": [
              "Succeeded"
            ]
          },
          "metadata": {
            "operationMetadataId": "17ab541a-3d51-4ac9-a7ed-dd3e8d9a3126"
          },
          "type": "OpenApiConnection",
          "inputs": {
            "host": {
              "connectionName": "shared_commondataserviceforapps_1",
              "operationId": "ListRecords",
              "apiId": "/providers/Microsoft.PowerApps/apis/shared_commondataserviceforapps"
            },
            "parameters": {
              "entityName": "tal_challengeses",
              "$filter": "tal_bl_challenge_court eq false and tal_notificationdefindechallenge ne null and tal_end_date eq @{addDays(utcNow(),1)}",
              "$top": 3
            },
            "authentication": "@parameters('$authentication')"
          }
        },
        "Apply_to_each_one_3": {
          "foreach": "@outputs('List_Challenges_row')?['body/value']",
          "actions": {
            "Switch_case": {
              "runAfter": {},
              "cases": {
                "Notification_08h00": {
                  "case": "Notification à 08h00",
                  "actions": {
                    "List_TBL_Participants__rows": {
                      "runAfter": {},
                      "metadata": {
                        "operationMetadataId": "09f07337-63e7-44d9-92a6-c10c295d6ff9"
                      },
                      "type": "OpenApiConnection",
                      "inputs": {
                        "host": {
                          "connectionName": "shared_commondataserviceforapps_1",
                          "operationId": "ListRecords",
                          "apiId": "/providers/Microsoft.PowerApps/apis/shared_commondataserviceforapps"
                        },
                        "parameters": {
                          "entityName": "tal_participantses",
                          "$filter": "_tal_fk_challenge_value eq @{items('Apply_to_each_one_3')?['tal_challengesid']} and tal_volumesupp eq null and tal_notifchallenge eq 'Oui'"
                        },
                        "authentication": "@parameters('$authentication')"
                      }
                    },
                    "Condition": {
                      "actions": {
                        "Apply_to_each_one": {
                          "foreach": "@outputs('List_TBL_Participants__rows')?['body/value']",
                          "actions": {
                            "HTTP_4": {
                              "runAfter": {},
                              "metadata": {
                                "operationMetadataId": "e1b3b82b-d826-4dcd-83a5-00f0d0325e1b"
                              },
                              "type": "Http",
                              "inputs": {
                                "method": "POST",
                                "uri": "https://graph.microsoft.com/v1.0/users/@{items('Apply_to_each_one')?['tal_playerupn']}/teamwork/sendActivityNotification",
                                "headers": {
                                  "Content-type": "application/json",
                                  "Authorization": "Bearer  @{body('Analyze_JSON')?['access_token']}"
                                },
                                "body": {
                                  "activityType": "OneDrive",
                                  "previewText": {
                                    "content": ""
                                  },
                                  "templateParameters": [
                                    {
                                      "name": "message",
                                      "value": "Le challenge @{items('Apply_to_each_one_3')?['tal_name']} est sur le point de se terminer. Pense à saisir tes données."
                                    }
                                  ],
                                  "topic": {
                                    "source": "entityUrl",
                                    "value": "https://graph.microsoft.com/v1.0/users/@{items('Apply_to_each_one')?['tal_playerupn']}/appCatalogs/teamsApps/@{parameters('var_ecarbone_teamsApps (tal_var_ecarbone_teamsApps)')}"
                                  }
                                }
                              }
                            },
                            "Envoyer_un_e-mail_(V2)": {
                              "runAfter": {
                                "HTTP_4": [
                                  "Failed",
                                  "TimedOut"
                                ]
                              },
                              "metadata": {
                                "operationMetadataId": "dcea9960-9903-415b-8149-69a5ebe7134a"
                              },
                              "type": "OpenApiConnection",
                              "inputs": {
                                "host": {
                                  "connectionName": "shared_office365_1",
                                  "operationId": "SendEmailV2",
                                  "apiId": "/providers/Microsoft.PowerApps/apis/shared_office365"
                                },
                                "parameters": {
                                  "emailMessage/To": "@items('Apply_to_each_one')?['tal_playermail']",
                                  "emailMessage/Subject": "Le challenge  @{items('Apply_to_each_one_3')?['tal_name']} touche à sa fin ! ⏳",
                                  "emailMessage/Body": "<p>Bonjour @{items('Apply_to_each_one')?['tal_playername']} ,<br>\n<br>\nLe challenge @{items('Apply_to_each_one_3')?['tal_name']} est presque terminé !<br>\nIl vous reste peu de temps pour finaliser vos actions.<br>\n<br>\n🎯 Pensez à valider vos étapes et mettre à jour votre progression.</p>",
                                  "emailMessage/Importance": "Normal"
                                },
                                "authentication": "@parameters('$authentication')"
                              }
                            }
                          },
                          "runAfter": {},
                          "metadata": {
                            "operationMetadataId": "cbdb717d-a631-4ea6-a7c0-dc0ad063c9d2"
                          },
                          "type": "Foreach"
                        }
                      },
                      "runAfter": {
                        "List_TBL_Participants__rows": [
                          "Succeeded"
                        ]
                      },
                      "expression": {
                        "and": [
                          {
                            "greater": [
                              "@int(outputs('Message_-_Date'))",
                              "@int('07')"
                            ]
                          },
                          {
                            "less": [
                              "@int(outputs('Message_-_Date'))",
                              "@int('09')"
                            ]
                          }
                        ]
                      },
                      "metadata": {
                        "operationMetadataId": "71d2265b-a027-49a4-b2a5-77f15057553d"
                      },
                      "type": "If"
                    }
                  }
                },
                "Notification_13h00": {
                  "case": "Notification à 13h00",
                  "actions": {
                    "List_TBL_Participants_rows_2": {
                      "runAfter": {},
                      "metadata": {
                        "operationMetadataId": "d71c40b3-12a4-4f94-9e2a-1a7c2b55cde0"
                      },
                      "type": "OpenApiConnection",
                      "inputs": {
                        "host": {
                          "connectionName": "shared_commondataserviceforapps_1",
                          "operationId": "ListRecords",
                          "apiId": "/providers/Microsoft.PowerApps/apis/shared_commondataserviceforapps"
                        },
                        "parameters": {
                          "entityName": "tal_participantses",
                          "$filter": "_tal_fk_challenge_value eq @{items('Apply_to_each_one_3')?['tal_challengesid']} and tal_volumesupp eq null and tal_notifchallenge eq 'Oui'"
                        },
                        "authentication": "@parameters('$authentication')"
                      }
                    },
                    "Condition_2": {
                      "actions": {
                        "Apply_to_each_one_2": {
                          "foreach": "@outputs('List_TBL_Participants_rows_2')?['body/value']",
                          "actions": {
                            "HTTP": {
                              "runAfter": {},
                              "metadata": {
                                "operationMetadataId": "e1b3b82b-d826-4dcd-83a5-00f0d0325e1b"
                              },
                              "type": "Http",
                              "inputs": {
                                "method": "POST",
                                "uri": "https://graph.microsoft.com/v1.0/users/@{items('Apply_to_each_one_2')?['tal_playerupn']}/teamwork/sendActivityNotification",
                                "headers": {
                                  "Content-type": "application/json",
                                  "Authorization": "Bearer @{body('Analyze_JSON')?['access_token']}"
                                },
                                "body": {
                                  "activityType": "OneDrive",
                                  "previewText": {
                                    "content": ""
                                  },
                                  "templateParameters": [
                                    {
                                      "name": "message",
                                      "value": "Le challenge @{items('Apply_to_each_one_3')?['tal_name']} est sur le point de se terminer. Pense à saisir tes données."
                                    }
                                  ],
                                  "topic": {
                                    "source": "entityUrl",
                                    "value": "https://graph.microsoft.com/v1.0/users/@{items('Apply_to_each_one_2')?['tal_playerupn']}/appCatalogs/teamsApps/@{parameters('var_ecarbone_teamsApps (tal_var_ecarbone_teamsApps)')}"
                                  }
                                }
                              }
                            },
                            "Envoyer_un_e-mail_(V2)_4": {
                              "runAfter": {
                                "HTTP": [
                                  "Failed",
                                  "TimedOut"
                                ]
                              },
                              "metadata": {
                                "operationMetadataId": "dcea9960-9903-415b-8149-69a5ebe7134a"
                              },
                              "type": "OpenApiConnection",
                              "inputs": {
                                "host": {
                                  "connectionName": "shared_office365_1",
                                  "operationId": "SendEmailV2",
                                  "apiId": "/providers/Microsoft.PowerApps/apis/shared_office365"
                                },
                                "parameters": {
                                  "emailMessage/To": "@items('Apply_to_each_one_2')?['tal_playermail']",
                                  "emailMessage/Subject": "Le challenge  @{items('Apply_to_each_one_3')?['tal_name']} touche à sa fin ! ⏳",
                                  "emailMessage/Body": "<p>Bonjour @{items('Apply_to_each_one_2')?['tal_playername']} ,<br>\n<br>\nLe challenge @{items('Apply_to_each_one_3')?['tal_name']} est presque terminé !<br>\nIl vous reste peu de temps pour finaliser vos actions.<br>\n<br>\n🎯 Pensez à valider vos étapes et mettre à jour votre progression.</p>",
                                  "emailMessage/Importance": "Normal"
                                },
                                "authentication": "@parameters('$authentication')"
                              }
                            }
                          },
                          "runAfter": {},
                          "metadata": {
                            "operationMetadataId": "b4e13284-942c-4490-828e-590c20f247dc"
                          },
                          "type": "Foreach"
                        }
                      },
                      "runAfter": {
                        "List_TBL_Participants_rows_2": [
                          "Succeeded"
                        ]
                      },
                      "expression": {
                        "and": [
                          {
                            "greater": [
                              "@int(outputs('Message_-_Date'))",
                              "@int('12')"
                            ]
                          },
                          {
                            "less": [
                              "@int(outputs('Message_-_Date'))",
                              "@int('14')"
                            ]
                          }
                        ]
                      },
                      "metadata": {
                        "operationMetadataId": "c3ff2740-82bb-4791-8a35-c5e35b128e94"
                      },
                      "type": "If"
                    }
                  }
                },
                "Notification_17h00": {
                  "case": "Notification à 17h00",
                  "actions": {
                    "List_TBL_Participants_rows_3": {
                      "runAfter": {},
                      "metadata": {
                        "operationMetadataId": "9f22babd-49dd-4143-8f4e-1d41c5376c6e"
                      },
                      "type": "OpenApiConnection",
                      "inputs": {
                        "host": {
                          "connectionName": "shared_commondataserviceforapps_1",
                          "operationId": "ListRecords",
                          "apiId": "/providers/Microsoft.PowerApps/apis/shared_commondataserviceforapps"
                        },
                        "parameters": {
                          "entityName": "tal_participantses",
                          "$filter": "_tal_fk_challenge_value eq @{items('Apply_to_each_one_3')?['tal_challengesid']} and tal_volumesupp eq null and tal_notifchallenge eq 'Oui'"
                        },
                        "authentication": "@parameters('$authentication')"
                      }
                    },
                    "Condition_3": {
                      "actions": {
                        "Apply_to_each_one_4": {
                          "foreach": "@outputs('List_TBL_Participants_rows_3')?['body/value']",
                          "actions": {
                            "HTTP_3": {
                              "runAfter": {},
                              "metadata": {
                                "operationMetadataId": "e1b3b82b-d826-4dcd-83a5-00f0d0325e1b"
                              },
                              "type": "Http",
                              "inputs": {
                                "method": "POST",
                                "uri": "https://graph.microsoft.com/v1.0/users/@{items('Apply_to_each_one_4')?['tal_playerupn']}/teamwork/sendActivityNotification",
                                "headers": {
                                  "Content-type": "application/json",
                                  "Authorization": "Bearer @{body('Analyze_JSON')?['access_token']}"
                                },
                                "body": {
                                  "activityType": "OneDrive",
                                  "previewText": {
                                    "content": ""
                                  },
                                  "templateParameters": [
                                    {
                                      "name": "message",
                                      "value": "Le challenge @{items('Apply_to_each_one_4')?['tal_challengename']} est sur le point de se terminer. Pense à saisir tes données."
                                    }
                                  ],
                                  "topic": {
                                    "source": "entityUrl",
                                    "value": "https://graph.microsoft.com/v1.0/users/@{items('Apply_to_each_one_4')?['tal_playerupn']}/appCatalogs/teamsApps/@{parameters('var_ecarbone_teamsApps (tal_var_ecarbone_teamsApps)')}"
                                  }
                                }
                              }
                            },
                            "Envoyer_un_e-mail_(V2)_2": {
                              "runAfter": {
                                "HTTP_3": [
                                  "Succeeded"
                                ]
                              },
                              "metadata": {
                                "operationMetadataId": "dcea9960-9903-415b-8149-69a5ebe7134a"
                              },
                              "type": "OpenApiConnection",
                              "inputs": {
                                "host": {
                                  "connectionName": "shared_office365_1",
                                  "operationId": "SendEmailV2",
                                  "apiId": "/providers/Microsoft.PowerApps/apis/shared_office365"
                                },
                                "parameters": {
                                  "emailMessage/To": "@items('Apply_to_each_one_4')?['tal_playermail']",
                                  "emailMessage/Subject": "Le challenge  @{items('Apply_to_each_one_3')?['tal_name']} touche à sa fin ! ⏳",
                                  "emailMessage/Body": "<p>Bonjour @{items('Apply_to_each_one_4')?['tal_playername']} ,<br>\n<br>\nLe challenge @{items('Apply_to_each_one_3')?['tal_name']} est presque terminé !<br>\nIl vous reste peu de temps pour finaliser vos actions.<br>\n<br>\n🎯 Pensez à valider vos étapes et mettre à jour votre progression.</p>",
                                  "emailMessage/Importance": "Normal"
                                },
                                "authentication": "@parameters('$authentication')"
                              }
                            }
                          },
                          "runAfter": {},
                          "metadata": {
                            "operationMetadataId": "b4e13284-942c-4490-828e-590c20f247dc"
                          },
                          "type": "Foreach"
                        }
                      },
                      "runAfter": {
                        "List_TBL_Participants_rows_3": [
                          "Succeeded"
                        ]
                      },
                      "expression": {
                        "and": [
                          {
                            "greater": [
                              "@int(outputs('Message_-_Date'))",
                              "@int('16')"
                            ]
                          },
                          {
                            "less": [
                              "@int(outputs('Message_-_Date'))",
                              "@int('18')"
                            ]
                          }
                        ]
                      },
                      "metadata": {
                        "operationMetadataId": "7abfcf96-3029-47a8-afce-95647c71a38c"
                      },
                      "type": "If"
                    }
                  }
                }
              },
              "default": {
                "actions": {}
              },
              "expression": "@items('Apply_to_each_one_3')?['tal_notificationdefindechallenge']",
              "metadata": {
                "operationMetadataId": "39eb1bde-31dc-440d-b152-6cd9977c72fc"
              },
              "type": "Switch"
            }
          },
          "runAfter": {
            "Analyze_JSON": [
              "Succeeded"
            ]
          },
          "metadata": {
            "operationMetadataId": "767b72d2-05cc-4b30-81c0-43a2f2bdd29f"
          },
          "type": "Foreach"
        },
        "HTTP_-_Post": {
          "runAfter": {
            "List_Challenges_row": [
              "Succeeded"
            ]
          },
          "metadata": {
            "operationMetadataId": "870d6d38-76d6-4ea9-bc00-2c9754b1f5fe"
          },
          "type": "Http",
          "inputs": {
            "method": "POST",
            "uri": "https://login.microsoftonline.com/@{parameters('var_ecarbone_tenantId (tal_var_ecarbone_tenantId)')}/oauth2/v2.0/token",
            "headers": {
              "Content-type": "application/x-www-form-urlencoded"
            },
            "body": "grant_type=client_credentials&client_id=@{parameters('var_ecarbone_appId (tal_var_ecarbone_appId)')}&client_secret=@{parameters('var_ecarbone_secret (tal_var_ecarbone_secret)')}&scope=https%3A%2F%2Fgraph.microsoft.com%2F.default"
          }
        },
        "Analyze_JSON": {
          "runAfter": {
            "HTTP_-_Post": [
              "Succeeded"
            ]
          },
          "metadata": {
            "operationMetadataId": "752352bb-1060-4512-96bf-3803180e531c"
          },
          "type": "ParseJson",
          "inputs": {
            "content": "@body('HTTP_-_Post')",
            "schema": {
              "type": "object",
              "properties": {
                "token_type": {
                  "type": "string"
                },
                "expires_in": {
                  "type": "integer"
                },
                "ext_expires_in": {
                  "type": "integer"
                },
                "access_token": {
                  "type": "string"
                }
              }
            }
          }
        },
        "Message_-_Date": {
          "runAfter": {},
          "metadata": {
            "operationMetadataId": "d603b65c-d4f3-4725-8fae-66fd0ef659c5"
          },
          "type": "Compose",
          "inputs": "@formatDateTime(addHours(utcNow(),2), 'HH')"
        }
      }
    },
    "templateName": ""
  },
  "schemaVersion": "1.0.0.0"
}