{
  "properties": {
    "connectionReferences": {
      "shared_commondataserviceforapps": {
        "runtimeSource": "embedded",
        "connection": {
          "connectionReferenceLogicalName": "tal_sharedcommondataserviceforapps_fdaa6"
        },
        "api": {
          "name": "shared_commondataserviceforapps"
        }
      },
      "shared_graphapi-2dgetmydrive-20-2d-201-5f0104057c89352-72f53503c97ba03c_1": {
        "runtimeSource": "invoker",
        "connection": {
          "connectionReferenceLogicalName": "tal_sharedgraphapi2dgetmydrive202d2015f0104057c8935272f53503c97ba03c_0c6a9"
        },
        "api": {
          "name": "shared_tal-5fgraphapi-2dgetmydrive-20-2d-201-5ff162f4c96a959693",
          "logicalName": "tal_graphapi-2dgetmydrive-20-2d-201"
        }
      },
      "shared_office365": {
        "runtimeSource": "invoker",
        "connection": {
          "connectionReferenceLogicalName": "tal_sharedoffice365_60f67"
        },
        "api": {
          "name": "shared_office365"
        }
      }
    },
    "definition": {
      "$schema": "https://schema.management.azure.com/providers/Microsoft.Logic/schemas/2016-06-01/workflowdefinition.json#",
      "contentVersion": "1.0.0.0",
      "parameters": {
        "$connections": {
          "defaultValue": {},
          "type": "Object"
        },
        "$authentication": {
          "defaultValue": {},
          "type": "SecureObject"
        }
      },
      "triggers": {
        "manual": {
          "metadata": {
            "operationMetadataId": "9f6bc299-3ab7-4c0c-90e2-41f89223349f"
          },
          "type": "Request",
          "kind": "PowerAppV2",
          "inputs": {
            "schema": {
              "type": "object",
              "properties": {},
              "required": []
            }
          }
        }
      },
      "actions": {
        "Initialize_UserMail": {
          "runAfter": {},
          "metadata": {
            "operationMetadataId": "0913e081-7c9d-4321-bcd8-697081634c41"
          },
          "type": "InitializeVariable",
          "inputs": {
            "variables": [
              {
                "name": "UserMail",
                "type": "string",
                "value": "@{triggerOutputs()['headers']['x-ms-user-email']}"
              }
            ]
          }
        },
        "Initialize_NB_DIRECTORY": {
          "runAfter": {
            "Initialize_client-request-id": [
              "Succeeded"
            ]
          },
          "metadata": {
            "operationMetadataId": "81f7ed32-8f85-4694-8946-2354ca85ffd5"
          },
          "type": "InitializeVariable",
          "inputs": {
            "variables": [
              {
                "name": "NB_DIRECTORY",
                "type": "integer",
                "value": 0
              }
            ]
          }
        },
        "Initialize_the_radical_variable": {
          "runAfter": {
            "Initialize_NB_DIRECTORY": [
              "Succeeded"
            ]
          },
          "metadata": {
            "operationMetadataId": "23a12651-3f63-4798-a6d3-b9dbc732d14a"
          },
          "type": "InitializeVariable",
          "inputs": {
            "variables": [
              {
                "name": "radical",
                "type": "string",
                "value": "\"\""
              }
            ]
          }
        },
        "Initialize_the_radical_variable_2": {
          "runAfter": {
            "Initialize_the_radical_variable": [
              "Succeeded"
            ]
          },
          "metadata": {
            "operationMetadataId": "23a12651-3f63-4798-a6d3-b9dbc732d14a"
          },
          "type": "InitializeVariable",
          "inputs": {
            "variables": [
              {
                "name": "radical2",
                "type": "string",
                "value": "\"\""
              }
            ]
          }
        },
        "Initialize_the_fileextension_variable": {
          "runAfter": {
            "Initialize_the_radical_variable_2": [
              "Succeeded"
            ]
          },
          "metadata": {
            "operationMetadataId": "fca6a0cc-47b9-4c69-91fb-2a0496863f6a"
          },
          "type": "InitializeVariable",
          "inputs": {
            "variables": [
              {
                "name": "fileextension",
                "type": "string"
              }
            ]
          }
        },
        "Initialize_the_loop_variable": {
          "runAfter": {
            "Initialize_the_fileextension_variable": [
              "Succeeded"
            ]
          },
          "metadata": {
            "operationMetadataId": "d420cb55-4b40-4572-b440-5bf5fa6a0512"
          },
          "type": "InitializeVariable",
          "inputs": {
            "variables": [
              {
                "name": "boucle",
                "type": "boolean",
                "value": "@false"
              }
            ]
          }
        },
        "Initialize_the_Group_ID_variable": {
          "runAfter": {
            "Initialize_the_loop_variable": [
              "Succeeded"
            ]
          },
          "metadata": {
            "operationMetadataId": "071ebec4-d9fb-49f7-9fa9-8948ca4b3cf8"
          },
          "type": "InitializeVariable",
          "inputs": {
            "variables": [
              {
                "name": "ID_Groupe",
                "type": "integer",
                "value": 0
              }
            ]
          }
        },
        "Initialize_the_variable_radical_longuer": {
          "runAfter": {
            "Initialize_the_Group_ID_variable": [
              "Succeeded"
            ]
          },
          "metadata": {
            "operationMetadataId": "c1070eb3-f0b0-46b7-abe0-5310c06ac757"
          },
          "type": "InitializeVariable",
          "inputs": {
            "variables": [
              {
                "name": "longuer_radical",
                "type": "integer",
                "value": 0
              }
            ]
          }
        },
        "Creating_the_list_of_files": {
          "actions": {
            "Apply_to_Everyone_-_Root_Journey": {
              "foreach": "@body('Parse_JSON')?['value']",
              "actions": {
                "Condition": {
                  "actions": {
                    "Ajouter_répertoire_dans_liste_temporaire": {
                      "runAfter": {},
                      "metadata": {
                        "operationMetadataId": "e8c49669-dcf6-4ca4-942c-b4ac8eb256ab"
                      },
                      "type": "OpenApiConnection",
                      "inputs": {
                        "host": {
                          "connectionName": "shared_commondataserviceforapps",
                          "operationId": "CreateRecord",
                          "apiId": "/providers/Microsoft.PowerApps/apis/shared_commondataserviceforapps"
                        },
                        "parameters": {
                          "entityName": "tal_directorylists",
                          "item/tal_clientrequestid": "@variables('client-request-id')",
                          "item/tal_name": "@items('Apply_to_Everyone_-_Root_Journey')?['name']",
                          "item/tal_id": "@items('Apply_to_Everyone_-_Root_Journey')?['id']",
                          "item/tal_path": "\"/\""
                        },
                        "authentication": "@parameters('$authentication')"
                      }
                    },
                    "Incrémenter_une_variable": {
                      "runAfter": {
                        "Ajouter_répertoire_dans_liste_temporaire": [
                          "Succeeded"
                        ]
                      },
                      "metadata": {
                        "operationMetadataId": "7ec1345b-9a8b-4276-ace9-28edf65d4571"
                      },
                      "type": "IncrementVariable",
                      "inputs": {
                        "name": "NB_DIRECTORY",
                        "value": 1
                      }
                    }
                  },
                  "runAfter": {
                    "Message_6": [
                      "Succeeded"
                    ]
                  },
                  "else": {
                    "actions": {
                      "Message_8": {
                        "runAfter": {
                          "Ajouter_fichier_dans_liste_temporaire_2": [
                            "Succeeded"
                          ]
                        },
                        "metadata": {
                          "operationMetadataId": "8c802732-8464-4aea-a60f-637b85cd410e"
                        },
                        "type": "Compose",
                        "inputs": "On continue"
                      },
                      "Ajouter_fichier_dans_liste_temporaire_2": {
                        "runAfter": {},
                        "metadata": {
                          "operationMetadataId": "f8458104-7943-4d32-9c3b-9e3f945be4da"
                        },
                        "type": "OpenApiConnection",
                        "inputs": {
                          "host": {
                            "connectionName": "shared_commondataserviceforapps",
                            "operationId": "CreateRecord",
                            "apiId": "/providers/Microsoft.PowerApps/apis/shared_commondataserviceforapps"
                          },
                          "parameters": {
                            "entityName": "tal_fichiersvolumineuxes",
                            "item/tal_name": "1",
                            "item/tal_cheminfichier": "@items('Apply_to_Everyone_-_Root_Journey')?['parentReference']?['path']",
                            "item/tal_datedernieremodif": "@items('Apply_to_Everyone_-_Root_Journey')?['lastModifiedDateTime']",
                            "item/tal_idfichier": "@items('Apply_to_Everyone_-_Root_Journey')?['id']",
                            "item/tal_nomfichier": "@items('Apply_to_Everyone_-_Root_Journey')?['name']",
                            "item/tal_taillefichier": "@items('Apply_to_Everyone_-_Root_Journey')?['size']",
                            "item/tal_utilisateur": "@variables('UserMail')"
                          },
                          "authentication": "@parameters('$authentication')"
                        }
                      }
                    }
                  },
                  "expression": {
                    "not": {
                      "equals": [
                        "@items('Apply_to_Everyone_-_Root_Journey')?['folder']",
                        "@null"
                      ]
                    }
                  },
                  "metadata": {
                    "operationMetadataId": "64740515-8644-4476-958e-94b79cd0772f"
                  },
                  "type": "If"
                },
                "Message_6": {
                  "runAfter": {},
                  "metadata": {
                    "operationMetadataId": "9eb02507-746b-4723-b9e0-4b15b7785b21"
                  },
                  "type": "Compose",
                  "inputs": "@items('Apply_to_Everyone_-_Root_Journey')?['name']"
                }
              },
              "runAfter": {
                "Parse_JSON": [
                  "Succeeded"
                ]
              },
              "metadata": {
                "operationMetadataId": "902f29fc-49dd-4ab0-b1e1-bfda91cd69f3"
              },
              "type": "Foreach",
              "runtimeConfiguration": {
                "concurrency": {
                  "repetitions": 1
                }
              }
            },
            "Message": {
              "runAfter": {
                "Apply_to_Everyone_-_Root_Journey": [
                  "Succeeded"
                ]
              },
              "metadata": {
                "operationMetadataId": "efb734ac-4efa-437a-a42e-af547eb513cf"
              },
              "type": "Compose",
              "inputs": "@variables('NB_DIRECTORY')"
            },
            "Exécuter_jusqu'à": {
              "actions": {
                "Lister_les_lignes": {
                  "runAfter": {},
                  "metadata": {
                    "operationMetadataId": "2ac7198d-0089-4d55-9f42-92e5fa0355f8"
                  },
                  "type": "OpenApiConnection",
                  "inputs": {
                    "host": {
                      "connectionName": "shared_commondataserviceforapps",
                      "operationId": "ListRecords",
                      "apiId": "/providers/Microsoft.PowerApps/apis/shared_commondataserviceforapps"
                    },
                    "parameters": {
                      "entityName": "tal_directorylists",
                      "$select": "tal_name,tal_id,tal_directorylistid",
                      "$filter": "tal_clientrequestid eq @{replace(variables('client-request-id'), '''', '''''')}",
                      "$top": 80
                    },
                    "authentication": "@parameters('$authentication')"
                  }
                },
                "Appliquer_à_chacun_-_itération": {
                  "foreach": "@outputs('Lister_les_lignes')?['body/value']",
                  "actions": {
                    "Décrémenter_une_variable": {
                      "runAfter": {
                        "Supprimer_une_ligne": [
                          "Succeeded"
                        ]
                      },
                      "metadata": {
                        "operationMetadataId": "c2beabcf-5c81-477f-affa-276c98a8134f"
                      },
                      "type": "DecrementVariable",
                      "inputs": {
                        "name": "NB_DIRECTORY",
                        "value": 1
                      }
                    },
                    "Supprimer_une_ligne": {
                      "runAfter": {
                        "Appliquer_à_chacun_-_itération_2": [
                          "Succeeded",
                          "Failed"
                        ]
                      },
                      "metadata": {
                        "operationMetadataId": "280e1fd8-3060-49a9-b6fe-ba29fd40a184"
                      },
                      "type": "OpenApiConnection",
                      "inputs": {
                        "host": {
                          "connectionName": "shared_commondataserviceforapps",
                          "operationId": "DeleteRecord",
                          "apiId": "/providers/Microsoft.PowerApps/apis/shared_commondataserviceforapps"
                        },
                        "parameters": {
                          "entityName": "tal_directorylists",
                          "recordId": "@items('Appliquer_à_chacun_-_itération')?['tal_directorylistid']"
                        },
                        "authentication": "@parameters('$authentication')"
                      }
                    },
                    "Analyser_JSON_-_itération": {
                      "runAfter": {
                        "Do_until": [
                          "Succeeded"
                        ]
                      },
                      "metadata": {
                        "operationMetadataId": "9af0e2ea-6dcf-4cbc-bd25-970756eba9e6"
                      },
                      "type": "ParseJson",
                      "inputs": {
                        "content": "@body('APIGraph-GetMyDrive_4')",
                        "schema": {
                          "type": "object",
                          "properties": {
                            "@@odata.context": {
                              "type": "string"
                            },
                            "value": {
                              "type": "array",
                              "items": {
                                "type": "object",
                                "properties": {
                                  "@@odata.etag": {
                                    "type": "string"
                                  },
                                  "createdDateTime": {
                                    "type": "string"
                                  },
                                  "id": {
                                    "type": "string"
                                  },
                                  "lastModifiedBy": {
                                    "type": "object",
                                    "properties": {
                                      "application": {
                                        "type": "object",
                                        "properties": {
                                          "id": {
                                            "type": "string"
                                          },
                                          "displayName": {
                                            "type": "string"
                                          }
                                        }
                                      },
                                      "user": {
                                        "type": "object",
                                        "properties": {
                                          "email": {
                                            "type": "string"
                                          },
                                          "id": {
                                            "type": "string"
                                          },
                                          "displayName": {
                                            "type": "string"
                                          }
                                        }
                                      }
                                    }
                                  },
                                  "lastModifiedDateTime": {
                                    "type": "string"
                                  },
                                  "name": {
                                    "type": "string"
                                  },
                                  "folder": {
                                    "type": "object",
                                    "properties": {
                                      "childCount": {
                                        "type": "integer"
                                      }
                                    }
                                  },
                                  "size": {
                                    "type": "integer"
                                  },
                                  "file": {
                                    "type": "object",
                                    "properties": {
                                      "hashes": {
                                        "type": "object",
                                        "properties": {
                                          "quickXorHash": {
                                            "type": "string"
                                          }
                                        }
                                      },
                                      "mimeType": {
                                        "type": "string"
                                      }
                                    }
                                  }
                                },
                                "required": [
                                  "@@odata.etag",
                                  "createdDateTime",
                                  "id",
                                  "lastModifiedBy",
                                  "lastModifiedDateTime",
                                  "name",
                                  "size"
                                ]
                              }
                            }
                          }
                        }
                      }
                    },
                    "Appliquer_à_chacun_-_itération_2": {
                      "foreach": "@body('Analyser_JSON_-_itération')?['value']",
                      "actions": {
                        "Condition_2": {
                          "actions": {
                            "Incrémenter_une_variable_2": {
                              "runAfter": {
                                "Ajouter_répertoire_dans_liste_temporaire_2": [
                                  "Succeeded"
                                ]
                              },
                              "metadata": {
                                "operationMetadataId": "7ec1345b-9a8b-4276-ace9-28edf65d4571"
                              },
                              "type": "IncrementVariable",
                              "inputs": {
                                "name": "NB_DIRECTORY",
                                "value": 1
                              }
                            },
                            "Debug_champs_DirectoryName": {
                              "runAfter": {},
                              "metadata": {
                                "operationMetadataId": "90bd32b7-1b6b-4a34-8a79-74b25a545f50"
                              },
                              "type": "Compose",
                              "inputs": "@items('Appliquer_à_chacun_-_itération_2')?['name']"
                            },
                            "Ajouter_répertoire_dans_liste_temporaire_2": {
                              "runAfter": {
                                "Debug_champs_Path": [
                                  "Succeeded"
                                ]
                              },
                              "metadata": {
                                "operationMetadataId": "e8c49669-dcf6-4ca4-942c-b4ac8eb256ab"
                              },
                              "type": "OpenApiConnection",
                              "inputs": {
                                "host": {
                                  "connectionName": "shared_commondataserviceforapps",
                                  "operationId": "CreateRecord",
                                  "apiId": "/providers/Microsoft.PowerApps/apis/shared_commondataserviceforapps"
                                },
                                "parameters": {
                                  "entityName": "tal_directorylists",
                                  "item/tal_clientrequestid": "@variables('client-request-id')",
                                  "item/tal_name": "@items('Appliquer_à_chacun_-_itération_2')?['name']",
                                  "item/tal_id": "@items('Appliquer_à_chacun_-_itération_2')?['id']",
                                  "item/tal_path": "@items('Appliquer_à_chacun_-_itération_2')?['parentReference']?['path']"
                                },
                                "authentication": "@parameters('$authentication')"
                              }
                            },
                            "Debug_champs_Path": {
                              "runAfter": {
                                "Debug_champs_DirectoryName": [
                                  "Succeeded"
                                ]
                              },
                              "metadata": {
                                "operationMetadataId": "ac0f28b7-8ba6-4e3e-b015-20c2d268c291"
                              },
                              "type": "Compose",
                              "inputs": "@items('Appliquer_à_chacun_-_itération_2')?['parentReference']?['path']"
                            }
                          },
                          "runAfter": {},
                          "else": {
                            "actions": {
                              "Debug_champs_Path_2": {
                                "runAfter": {
                                  "Ajouter_fichier_dans_liste_temporaire_3": [
                                    "Succeeded"
                                  ]
                                },
                                "metadata": {
                                  "operationMetadataId": "6266f4b8-3180-4c35-a774-eb169506a42f"
                                },
                                "type": "Compose",
                                "inputs": "@items('Appliquer_à_chacun_-_itération_2')?['parentReference']?['path']"
                              },
                              "Ajouter_fichier_dans_liste_temporaire_3": {
                                "runAfter": {},
                                "metadata": {
                                  "operationMetadataId": "f8458104-7943-4d32-9c3b-9e3f945be4da"
                                },
                                "type": "OpenApiConnection",
                                "inputs": {
                                  "host": {
                                    "connectionName": "shared_commondataserviceforapps",
                                    "operationId": "CreateRecord",
                                    "apiId": "/providers/Microsoft.PowerApps/apis/shared_commondataserviceforapps"
                                  },
                                  "parameters": {
                                    "entityName": "tal_fichiersvolumineuxes",
                                    "item/tal_name": "1",
                                    "item/tal_cheminfichier": "@items('Appliquer_à_chacun_-_itération_2')?['parentReference']?['path']",
                                    "item/tal_datedernieremodif": "@items('Appliquer_à_chacun_-_itération_2')?['lastModifiedDateTime']",
                                    "item/tal_idfichier": "@items('Appliquer_à_chacun_-_itération_2')?['id']",
                                    "item/tal_nomfichier": "@items('Appliquer_à_chacun_-_itération_2')?['name']",
                                    "item/tal_taillefichier": "@items('Appliquer_à_chacun_-_itération_2')?['size']",
                                    "item/tal_utilisateur": "@variables('UserMail')"
                                  },
                                  "authentication": "@parameters('$authentication')"
                                }
                              }
                            }
                          },
                          "expression": {
                            "not": {
                              "equals": [
                                "@items('Appliquer_à_chacun_-_itération_2')?['folder']",
                                "@null"
                              ]
                            }
                          },
                          "metadata": {
                            "operationMetadataId": "64740515-8644-4476-958e-94b79cd0772f"
                          },
                          "type": "If"
                        }
                      },
                      "runAfter": {
                        "Analyser_JSON_-_itération": [
                          "Succeeded"
                        ]
                      },
                      "metadata": {
                        "operationMetadataId": "902f29fc-49dd-4ab0-b1e1-bfda91cd69f3"
                      },
                      "type": "Foreach",
                      "runtimeConfiguration": {
                        "concurrency": {
                          "repetitions": 1
                        }
                      }
                    },
                    "Debug_DirectoryName": {
                      "runAfter": {},
                      "metadata": {
                        "operationMetadataId": "7e8fbc02-0212-4b09-82b0-4ed8f6b1e5e5"
                      },
                      "type": "Compose",
                      "inputs": "@items('Appliquer_à_chacun_-_itération')?['tal_name']"
                    },
                    "Do_until": {
                      "actions": {
                        "Set_variable_returncode_2": {
                          "runAfter": {
                            "APIGraph-GetMyDrive_4": [
                              "Succeeded"
                            ]
                          },
                          "metadata": {
                            "operationMetadataId": "0c7ea1a5-ae2c-47af-887c-a3ac7ef5cb78"
                          },
                          "type": "SetVariable",
                          "inputs": {
                            "name": "returncode",
                            "value": "@{outputs('APIGraph-GetMyDrive_4')['statusCode']}"
                          }
                        },
                        "Condition_22": {
                          "actions": {
                            "Set_variable_3": {
                              "runAfter": {},
                              "metadata": {
                                "operationMetadataId": "19eb1bdc-c8e7-4df3-ac11-e80f4cb9c256"
                              },
                              "type": "SetVariable",
                              "inputs": {
                                "name": "RetryAfter",
                                "value": "@int(outputs('APIGraph-GetMyDrive_4')?['Retry-After'])"
                              }
                            }
                          },
                          "runAfter": {
                            "Set_variable_returncode_2": [
                              "Succeeded"
                            ]
                          },
                          "else": {
                            "actions": {
                              "Set_variable_4": {
                                "runAfter": {},
                                "metadata": {
                                  "operationMetadataId": "93e6d565-7117-44f9-8201-795b819b4d19"
                                },
                                "type": "SetVariable",
                                "inputs": {
                                  "name": "RetryAfter",
                                  "value": 1
                                }
                              }
                            }
                          },
                          "expression": {
                            "startsWith": [
                              "@variables('returncode')",
                              "'4'"
                            ]
                          },
                          "metadata": {
                            "operationMetadataId": "4bd302f4-39c0-42ce-a3ce-8397ce939f9b"
                          },
                          "type": "If"
                        },
                        "Message_23": {
                          "runAfter": {},
                          "metadata": {
                            "operationMetadataId": "efb734ac-4efa-437a-a42e-af547eb513cf"
                          },
                          "type": "Compose",
                          "inputs": "@variables('returncode')"
                        },
                        "Delay_2": {
                          "runAfter": {
                            "Message_23": [
                              "Succeeded"
                            ]
                          },
                          "metadata": {
                            "operationMetadataId": "3ebc95ee-17ee-4a4b-b784-efa3976d0aaa"
                          },
                          "type": "Wait",
                          "inputs": {
                            "interval": {
                              "count": "@variables('RetryAfter')",
                              "unit": "Second"
                            }
                          }
                        },
                        "APIGraph-GetMyDrive_4": {
                          "runAfter": {
                            "Delay_2": [
                              "Succeeded"
                            ]
                          },
                          "metadata": {
                            "operationMetadataId": "d5e16eb0-6261-40b1-aff6-57575e469994"
                          },
                          "type": "OpenApiConnection",
                          "inputs": {
                            "host": {
                              "connectionName": "shared_graphapi-2dgetmydrive-20-2d-201-5f0104057c89352-72f53503c97ba03c_1",
                              "operationId": "APIGraph-GetMyDrive",
                              "apiId": "/providers/Microsoft.PowerApps/apis/shared_tal-5fgraphapi-2dgetmydrive-20-2d-201-5ff162f4c96a959693"
                            },
                            "parameters": {
                              "path": "@concat('items/', items('Appliquer_à_chacun_-_itération')['tal_id'],'/children')",
                              "$select": "name,id,createdDateTime,folder,file,lastmodifiedby,lastModifiedDateTime,parentReference,parentReference,size"
                            },
                            "authentication": "@parameters('$authentication')"
                          }
                        }
                      },
                      "runAfter": {
                        "Set_variable_5": [
                          "Succeeded"
                        ]
                      },
                      "expression": "@not(startsWith(variables('returncode'), '\"4\"'))",
                      "limit": {
                        "count": 10,
                        "timeout": "PT1H"
                      },
                      "metadata": {
                        "operationMetadataId": "21477f86-00ea-4591-8ec4-a0de684cd6be"
                      },
                      "type": "Until"
                    },
                    "Set_variable_5": {
                      "runAfter": {
                        "Debug_DirectoryName": [
                          "Succeeded"
                        ]
                      },
                      "metadata": {
                        "operationMetadataId": "d4e614d0-b701-48c6-abc3-aeeae225213c"
                      },
                      "type": "SetVariable",
                      "inputs": {
                        "name": "returncode",
                        "value": "\"4\""
                      }
                    }
                  },
                  "runAfter": {
                    "Lister_les_lignes": [
                      "Succeeded"
                    ]
                  },
                  "metadata": {
                    "operationMetadataId": "0ec8513a-c8f2-4650-be64-eed4107d9a83"
                  },
                  "type": "Foreach",
                  "runtimeConfiguration": {
                    "concurrency": {
                      "repetitions": 1
                    }
                  }
                }
              },
              "runAfter": {
                "Message": [
                  "Succeeded"
                ]
              },
              "expression": "@equals(variables('NB_DIRECTORY'), 0)",
              "limit": {
                "count": 60,
                "timeout": "PT1H"
              },
              "metadata": {
                "operationMetadataId": "a098fd9f-6cbd-4134-a0a1-f823f48d241d"
              },
              "type": "Until"
            },
            "Do_until_2": {
              "actions": {
                "Set_variable_returncode": {
                  "runAfter": {
                    "APIGraph-GetMyDrive_3": [
                      "Succeeded"
                    ]
                  },
                  "metadata": {
                    "operationMetadataId": "0c7ea1a5-ae2c-47af-887c-a3ac7ef5cb78"
                  },
                  "type": "SetVariable",
                  "inputs": {
                    "name": "returncode",
                    "value": "@{outputs('APIGraph-GetMyDrive_3')['statusCode']}"
                  }
                },
                "Condition_21": {
                  "actions": {
                    "Set_variable": {
                      "runAfter": {},
                      "metadata": {
                        "operationMetadataId": "19eb1bdc-c8e7-4df3-ac11-e80f4cb9c256"
                      },
                      "type": "SetVariable",
                      "inputs": {
                        "name": "RetryAfter",
                        "value": "@int(outputs('APIGraph-GetMyDrive_3')?['Retry-After'])"
                      }
                    }
                  },
                  "runAfter": {
                    "Set_variable_returncode": [
                      "Succeeded"
                    ]
                  },
                  "else": {
                    "actions": {
                      "Set_variable_2": {
                        "runAfter": {},
                        "metadata": {
                          "operationMetadataId": "93e6d565-7117-44f9-8201-795b819b4d19"
                        },
                        "type": "SetVariable",
                        "inputs": {
                          "name": "RetryAfter",
                          "value": 1
                        }
                      }
                    }
                  },
                  "expression": {
                    "startsWith": [
                      "@variables('returncode')",
                      "'4'"
                    ]
                  },
                  "metadata": {
                    "operationMetadataId": "4bd302f4-39c0-42ce-a3ce-8397ce939f9b"
                  },
                  "type": "If"
                },
                "Message_17": {
                  "runAfter": {},
                  "metadata": {
                    "operationMetadataId": "efb734ac-4efa-437a-a42e-af547eb513cf"
                  },
                  "type": "Compose",
                  "inputs": "@variables('returncode')"
                },
                "Delay": {
                  "runAfter": {
                    "Message_17": [
                      "Succeeded"
                    ]
                  },
                  "metadata": {
                    "operationMetadataId": "3ebc95ee-17ee-4a4b-b784-efa3976d0aaa"
                  },
                  "type": "Wait",
                  "inputs": {
                    "interval": {
                      "count": "@variables('RetryAfter')",
                      "unit": "Second"
                    }
                  }
                },
                "APIGraph-GetMyDrive_3": {
                  "runAfter": {
                    "Delay": [
                      "Succeeded"
                    ]
                  },
                  "metadata": {
                    "operationMetadataId": "0e39e346-a4e6-4ebb-84e8-75d1b3fb81ce"
                  },
                  "type": "OpenApiConnection",
                  "inputs": {
                    "host": {
                      "connectionName": "shared_graphapi-2dgetmydrive-20-2d-201-5f0104057c89352-72f53503c97ba03c_1",
                      "operationId": "APIGraph-GetMyDrive",
                      "apiId": "/providers/Microsoft.PowerApps/apis/shared_tal-5fgraphapi-2dgetmydrive-20-2d-201-5ff162f4c96a959693"
                    },
                    "parameters": {
                      "path": "/root/children",
                      "$select": "name,id,createdDateTime,folder,file,lastmodifiedby,lastModifiedDateTime,size"
                    },
                    "authentication": "@parameters('$authentication')"
                  }
                }
              },
              "runAfter": {},
              "expression": "@not(startsWith(variables('returncode'), '\"4\"'))",
              "limit": {
                "count": 10,
                "timeout": "PT1H"
              },
              "metadata": {
                "operationMetadataId": "21477f86-00ea-4591-8ec4-a0de684cd6be"
              },
              "type": "Until"
            },
            "Parse_JSON": {
              "runAfter": {
                "Do_until_2": [
                  "Succeeded"
                ]
              },
              "metadata": {
                "operationMetadataId": "9af0e2ea-6dcf-4cbc-bd25-970756eba9e6"
              },
              "type": "ParseJson",
              "inputs": {
                "content": "@body('APIGraph-GetMyDrive_3')",
                "schema": {
                  "type": "object",
                  "properties": {
                    "@@odata.context": {
                      "type": "string"
                    },
                    "value": {
                      "type": "array",
                      "items": {
                        "type": "object",
                        "properties": {
                          "createdDateTime": {
                            "type": "string"
                          },
                          "eTag": {
                            "type": "string"
                          },
                          "id": {
                            "type": "string"
                          },
                          "lastModifiedDateTime": {
                            "type": "string"
                          },
                          "name": {
                            "type": "string"
                          },
                          "webUrl": {
                            "type": "string"
                          },
                          "cTag": {
                            "type": "string"
                          },
                          "size": {
                            "type": "integer"
                          },
                          "createdBy": {
                            "type": "object",
                            "properties": {
                              "application": {
                                "type": "object",
                                "properties": {
                                  "id": {
                                    "type": "string"
                                  },
                                  "displayName": {
                                    "type": "string"
                                  }
                                }
                              },
                              "user": {
                                "type": "object",
                                "properties": {
                                  "email": {
                                    "type": "string"
                                  },
                                  "id": {
                                    "type": "string"
                                  },
                                  "displayName": {
                                    "type": "string"
                                  }
                                }
                              }
                            }
                          },
                          "lastModifiedBy": {
                            "type": "object",
                            "properties": {
                              "application": {
                                "type": "object",
                                "properties": {
                                  "id": {
                                    "type": "string"
                                  },
                                  "displayName": {
                                    "type": "string"
                                  }
                                }
                              },
                              "user": {
                                "type": "object",
                                "properties": {
                                  "email": {
                                    "type": "string"
                                  },
                                  "id": {
                                    "type": "string"
                                  },
                                  "displayName": {
                                    "type": "string"
                                  }
                                }
                              }
                            }
                          },
                          "parentReference": {
                            "type": "object",
                            "properties": {
                              "driveType": {
                                "type": "string"
                              },
                              "driveId": {
                                "type": "string"
                              },
                              "id": {
                                "type": "string"
                              },
                              "path": {
                                "type": "string"
                              }
                            }
                          },
                          "fileSystemInfo": {
                            "type": "object",
                            "properties": {
                              "createdDateTime": {
                                "type": "string"
                              },
                              "lastModifiedDateTime": {
                                "type": "string"
                              }
                            }
                          },
                          "folder": {
                            "type": "object",
                            "properties": {
                              "childCount": {
                                "type": "integer"
                              }
                            }
                          },
                          "specialFolder": {
                            "type": "object",
                            "properties": {
                              "name": {
                                "type": "string"
                              }
                            }
                          },
                          "package": {
                            "type": "object",
                            "properties": {
                              "type": {
                                "type": "string"
                              }
                            }
                          },
                          "@@microsoft.graph.downloadUrl": {
                            "type": "string"
                          },
                          "file": {
                            "type": "object",
                            "properties": {
                              "mimeType": {
                                "type": "string"
                              },
                              "hashes": {
                                "type": "object",
                                "properties": {
                                  "quickXorHash": {
                                    "type": "string"
                                  }
                                }
                              }
                            }
                          }
                        },
                        "required": [
                          "createdDateTime",
                          "id",
                          "lastModifiedDateTime",
                          "name",
                          "size"
                        ]
                      }
                    }
                  }
                }
              }
            }
          },
          "runAfter": {
            "Initialize_variable_RetryAfter": [
              "Succeeded"
            ]
          },
          "metadata": {
            "operationMetadataId": "9bcae464-7255-428c-adb7-7dbcabba0861"
          },
          "type": "Scope"
        },
        "ListerProfils": {
          "runAfter": {
            "Initialize_the_RUNNING_variable": [
              "Succeeded"
            ]
          },
          "metadata": {
            "operationMetadataId": "3261f9d7-281a-4248-885d-333ceb4d8d21"
          },
          "type": "OpenApiConnection",
          "inputs": {
            "host": {
              "connectionName": "shared_commondataserviceforapps",
              "operationId": "ListRecords",
              "apiId": "/providers/Microsoft.PowerApps/apis/shared_commondataserviceforapps"
            },
            "parameters": {
              "entityName": "tal_profilses",
              "$select": "tal_profilsid, tal_flgfichiersvolumineux",
              "$filter": "emailaddress eq '@{replace(variables('UserMail'), '''', '''''')}'"
            },
            "authentication": "@parameters('$authentication')"
          }
        },
        "Initialize_client-request-id": {
          "runAfter": {
            "applied_to_each": [
              "Succeeded"
            ]
          },
          "metadata": {
            "operationMetadataId": "60f7f7db-1c77-4d9a-b85d-b56ddb714670"
          },
          "type": "InitializeVariable",
          "inputs": {
            "variables": [
              {
                "name": "client-request-id",
                "type": "string",
                "value": "@{triggerOutputs()['headers']['x-ms-client-request-id']}"
              }
            ]
          }
        },
        "Check_flag_profil": {
          "foreach": "@outputs('ListerProfils')?['body/value']",
          "actions": {
            "Condition_16": {
              "actions": {
                "Update_Profil_flag_AnalyseOneDrive": {
                  "runAfter": {},
                  "metadata": {
                    "operationMetadataId": "4da71dc9-8981-4167-9ca7-4255cb16f268"
                  },
                  "type": "OpenApiConnection",
                  "inputs": {
                    "host": {
                      "connectionName": "shared_commondataserviceforapps",
                      "operationId": "UpdateRecord",
                      "apiId": "/providers/Microsoft.PowerApps/apis/shared_commondataserviceforapps"
                    },
                    "parameters": {
                      "entityName": "tal_profilses",
                      "recordId": "@items('Check_flag_profil')?['tal_profilsid']",
                      "item/tal_flgfichiersvolumineux": 1
                    },
                    "authentication": "@parameters('$authentication')"
                  }
                }
              },
              "runAfter": {},
              "else": {
                "actions": {
                  "Message_13": {
                    "runAfter": {},
                    "metadata": {
                      "operationMetadataId": "e6fcbf65-a29b-4b64-975c-d8e38e4bfa93"
                    },
                    "type": "Compose",
                    "inputs": "Script tourne déjà"
                  },
                  "Define_a_variable_61": {
                    "runAfter": {
                      "Message_13": [
                        "Succeeded"
                      ]
                    },
                    "metadata": {
                      "operationMetadataId": "26993a35-eccd-4928-955b-50b37d82f276"
                    },
                    "type": "SetVariable",
                    "inputs": {
                      "name": "RUNNING",
                      "value": "@true"
                    }
                  }
                }
              },
              "expression": {
                "equals": [
                  "@items('Check_flag_profil')?['tal_flgfichiersvolumineux']",
                  0
                ]
              },
              "metadata": {
                "operationMetadataId": "ce391bce-5584-472a-9176-a398b1a584da"
              },
              "type": "If"
            }
          },
          "runAfter": {
            "ListerProfils": [
              "Succeeded"
            ]
          },
          "metadata": {
            "operationMetadataId": "6e4b257e-f93f-4f00-ba42-2e7bb164a000"
          },
          "type": "Foreach"
        },
        "Initialize_the_RUNNING_variable": {
          "runAfter": {
            "Initialize_UserMail": [
              "Succeeded"
            ]
          },
          "metadata": {
            "operationMetadataId": "3758129c-caa2-4e34-b0a3-aa88dea0a8f4"
          },
          "type": "InitializeVariable",
          "inputs": {
            "variables": [
              {
                "name": "RUNNING",
                "type": "boolean",
                "value": "@false"
              }
            ]
          }
        },
        "Condition_17": {
          "actions": {
            "Answer": {
              "runAfter": {},
              "metadata": {
                "operationMetadataId": "473b043a-df8b-404b-ab4d-c5fa7fd63b0f"
              },
              "type": "Response",
              "kind": "Http",
              "inputs": {
                "statusCode": 200,
                "body": "STILL RUNNING"
              }
            },
            "End": {
              "runAfter": {
                "Answer": [
                  "Succeeded"
                ]
              },
              "metadata": {
                "operationMetadataId": "9fe47b97-6774-4f46-a1c2-e33c8bb3fbd6"
              },
              "type": "Terminate",
              "inputs": {
                "runStatus": "Succeeded"
              }
            }
          },
          "runAfter": {
            "Check_flag_profil": [
              "Succeeded"
            ]
          },
          "expression": {
            "equals": [
              "@variables('RUNNING')",
              "@true"
            ]
          },
          "metadata": {
            "operationMetadataId": "fcc88939-ede8-4bc8-b5ca-1f8e572f1427"
          },
          "type": "If"
        },
        "Answer_2": {
          "runAfter": {
            "Condition_17": [
              "Succeeded"
            ]
          },
          "metadata": {
            "operationMetadataId": "473b043a-df8b-404b-ab4d-c5fa7fd63b0f"
          },
          "type": "Response",
          "kind": "Http",
          "inputs": {
            "statusCode": 200,
            "body": "RUN"
          }
        },
        "Initialize_variable_returncode": {
          "runAfter": {
            "Initialize_the_variable_radical_longuer": [
              "Succeeded"
            ]
          },
          "metadata": {
            "operationMetadataId": "26d5f253-f564-4ef9-b312-114afb3c60ef"
          },
          "type": "InitializeVariable",
          "inputs": {
            "variables": [
              {
                "name": "returncode",
                "type": "string",
                "value": "\"400000\""
              }
            ]
          }
        },
        "Initialize_variable_RetryAfter": {
          "runAfter": {
            "Initialize_variable_returncode": [
              "Succeeded"
            ]
          },
          "metadata": {
            "operationMetadataId": "e70d7e0a-cad5-4be5-98c2-a814698d1dc4"
          },
          "type": "InitializeVariable",
          "inputs": {
            "variables": [
              {
                "name": "RetryAfter",
                "type": "integer",
                "value": 1
              }
            ]
          }
        },
        "List_lines_2": {
          "runAfter": {
            "Condition_17": [
              "Succeeded"
            ]
          },
          "metadata": {
            "operationMetadataId": "3eb4a0f4-230b-4cf5-8196-a1991e36294b"
          },
          "type": "OpenApiConnection",
          "inputs": {
            "host": {
              "connectionName": "shared_commondataserviceforapps",
              "operationId": "ListRecords",
              "apiId": "/providers/Microsoft.PowerApps/apis/shared_commondataserviceforapps"
            },
            "parameters": {
              "entityName": "tal_fichiersvolumineuxes",
              "$filter": "tal_utilisateur eq '@{replace(variables('UserMail'), '''', '''''')}'"
            },
            "authentication": "@parameters('$authentication')"
          }
        },
        "applied_to_each": {
          "foreach": "@outputs('List_lines_2')?['body/value']",
          "actions": {
            "Delete_a_line_2": {
              "runAfter": {},
              "metadata": {
                "operationMetadataId": "97e970ce-dd02-44e9-9b7e-90a73bdd2ece"
              },
              "type": "OpenApiConnection",
              "inputs": {
                "host": {
                  "connectionName": "shared_commondataserviceforapps",
                  "operationId": "DeleteRecord",
                  "apiId": "/providers/Microsoft.PowerApps/apis/shared_commondataserviceforapps"
                },
                "parameters": {
                  "entityName": "tal_fichiersvolumineuxes",
                  "recordId": "@items('applied_to_each')?['tal_fichiersvolumineuxid']"
                },
                "authentication": "@parameters('$authentication')"
              }
            }
          },
          "runAfter": {
            "List_lines_2": [
              "Succeeded"
            ]
          },
          "metadata": {
            "operationMetadataId": "6bcc440c-409f-4cef-b0bf-77c5461fe03e"
          },
          "type": "Foreach",
          "runtimeConfiguration": {
            "concurrency": {
              "repetitions": 50
            }
          }
        },
        "ListerProfils_2": {
          "runAfter": {
            "Creating_the_list_of_files": [
              "Succeeded",
              "Failed",
              "Skipped",
              "TimedOut"
            ]
          },
          "metadata": {
            "operationMetadataId": "3261f9d7-281a-4248-885d-333ceb4d8d21"
          },
          "type": "OpenApiConnection",
          "inputs": {
            "host": {
              "connectionName": "shared_commondataserviceforapps",
              "operationId": "ListRecords",
              "apiId": "/providers/Microsoft.PowerApps/apis/shared_commondataserviceforapps"
            },
            "parameters": {
              "entityName": "tal_profilses",
              "$select": "tal_profilsid, tal_flgfichiersvolumineux",
              "$filter": "emailaddress eq '@{replace(variables('UserMail'), '''', '''''')}'"
            },
            "authentication": "@parameters('$authentication')"
          }
        },
        "Apply_to_Everyone_6": {
          "foreach": "@outputs('ListerProfils')?['body/value']",
          "actions": {
            "Update_Profil_flag_AnalyseOneDrive_2": {
              "runAfter": {},
              "metadata": {
                "operationMetadataId": "4da71dc9-8981-4167-9ca7-4255cb16f268"
              },
              "type": "OpenApiConnection",
              "inputs": {
                "host": {
                  "connectionName": "shared_commondataserviceforapps",
                  "operationId": "UpdateRecord",
                  "apiId": "/providers/Microsoft.PowerApps/apis/shared_commondataserviceforapps"
                },
                "parameters": {
                  "entityName": "tal_profilses",
                  "recordId": "@items('Apply_to_Everyone_6')?['tal_profilsid']",
                  "item/tal_flgfichiersvolumineux": 0
                },
                "authentication": "@parameters('$authentication')"
              }
            }
          },
          "runAfter": {
            "ListerProfils_2": [
              "Succeeded"
            ]
          },
          "metadata": {
            "operationMetadataId": "6e4b257e-f93f-4f00-ba42-2e7bb164a000"
          },
          "type": "Foreach"
        },
        "Envoyer_un_e-mail_(V2)": {
          "runAfter": {
            "Apply_to_Everyone_6": [
              "Succeeded"
            ]
          },
          "metadata": {
            "operationMetadataId": "33e7448b-2495-497d-b05b-a8e7a10ac410"
          },
          "type": "OpenApiConnection",
          "inputs": {
            "host": {
              "connectionName": "shared_office365",
              "operationId": "SendEmailV2",
              "apiId": "/providers/Microsoft.PowerApps/apis/shared_office365"
            },
            "parameters": {
              "emailMessage/To": "@variables('UserMail')",
              "emailMessage/Subject": "Fin de l'analyse Onedrive",
              "emailMessage/Body": "<p>🎯 Analyse terminée !<br>\nVotre espace OneDrive a bien été analysé.<br>\nMerci pour votre contribution à une utilisation plus responsable 🌱 de vos ressources numériques.</p>",
              "emailMessage/From": "matthieu.daoulas@sncf.fr",
              "emailMessage/Importance": "Normal"
            },
            "authentication": "@parameters('$authentication')"
          }
        }
      },
      "outputs": {}
    },
    "templateName": ""
  },
  "schemaVersion": "1.0.0.0"
}