<ImportExportXml xmlns:xsi="http://www.w3.org/2001/XMLSchema-instance">
  <Entities></Entities>
  <Roles></Roles>
  <Workflows></Workflows>
  <FieldSecurityProfiles></FieldSecurityProfiles>
  <Templates />
  <EntityMaps />
  <EntityRelationships />
  <OrganizationSettings />
  <optionsets />
  <CustomControls />
  <EntityDataProviders />
  <Connectors>
    <Connector>
      <connectorid>89441994-b568-4601-8e78-f5d4780f2344</connectorid>
      <description>Connecteur Graph API. Récupération des données liées aux profil des agents.</description>
      <displayname>Microsoft Graph API - 1</displayname>
      <iconbrandcolor>#007ee5</iconbrandcolor>
      <name>tal_microsoft-20graph-20api-20-2d-201</name>
      <connectortype>1</connectortype>
      <openapidefinition>/Connector/tal_microsoft-20graph-20api-20-2d-201_openapidefinition.json</openapidefinition>
      <connectionparameters>/Connector/tal_microsoft-20graph-20api-20-2d-201_connectionparameters.json</connectionparameters>
      <policytemplateinstances>/Connector/tal_microsoft-20graph-20api-20-2d-201_policytemplateinstances.json</policytemplateinstances>
      <iconblob>/Connector/tal_microsoft-20graph-20api-20-2d-201_iconblob.Png</iconblob>
    </Connector>
    <Connector>
      <connectorid>88454d00-7e07-464d-b6ee-f7fe53a18b5c</connectorid>
      <description></description>
      <displayname>GraphAPI-GetMyDrive - 1</displayname>
      <iconbrandcolor>#007ee5</iconbrandcolor>
      <name>tal_graphapi-2dgetmydrive-20-2d-201</name>
      <connectortype>1</connectortype>
      <openapidefinition>/Connector/tal_graphapi-2dgetmydrive-20-2d-201_openapidefinition.json</openapidefinition>
      <connectionparameters>/Connector/tal_graphapi-2dgetmydrive-20-2d-201_connectionparameters.json</connectionparameters>
      <policytemplateinstances>/Connector/tal_graphapi-2dgetmydrive-20-2d-201_policytemplateinstances.json</policytemplateinstances>
      <iconblob>/Connector/tal_graphapi-2dgetmydrive-20-2d-201_iconblob.Png</iconblob>
    </Connector>
  </Connectors>
  <Languages>
    <Language>1036</Language>
  </Languages>
</ImportExportXml>