{
  "properties": {
    "connectionReferences": {
      "shared_commondataserviceforapps_1": {
        "runtimeSource": "embedded",
        "connection": {
          "connectionReferenceLogicalName": "tal_sharedcommondataserviceforapps_fdaa6"
        },
        "api": {
          "name": "shared_commondataserviceforapps"
        }
      }
    },
    "definition": {
      "$schema": "https://schema.management.azure.com/providers/Microsoft.Logic/schemas/2016-06-01/workflowdefinition.json#",
      "contentVersion": "1.0.0.0",
      "parameters": {
        "$connections": {
          "defaultValue": {},
          "type": "Object"
        },
        "$authentication": {
          "defaultValue": {},
          "type": "SecureObject"
        }
      },
      "triggers": {
        "Recurrence": {
          "recurrence": {
            "frequency": "Day",
            "interval": 1,
            "timeZone": "Romance Standard Time",
            "startTime": "2022-06-04T08:00:00Z",
            "schedule": {
              "hours": [
                "8"
              ],
              "minutes": [
                45
              ]
            }
          },
          "metadata": {
            "operationMetadataId": "2f90c5cd-fd7e-4c2d-9b32-3423004b6972"
          },
          "type": "Recurrence"
        }
      },
      "actions": {
        "initialize_Jour_variable": {
          "runAfter": {},
          "metadata": {
            "operationMetadataId": "2d01a9d0-1384-469b-8546-62ffe74ca045"
          },
          "type": "InitializeVariable",
          "inputs": {
            "variables": [
              {
                "name": "Jour",
                "type": "string",
                "value": "@{formatDateTime(utcNow(), 'dddd', 'fr-FR')}"
              }
            ]
          }
        },
        "List_the_lines_in_Profil": {
          "runAfter": {
            "initialize_Jour_variable": [
              "Succeeded"
            ]
          },
          "metadata": {
            "operationMetadataId": "3befc059-32ef-47ec-b516-ebedc5959b53"
          },
          "type": "OpenApiConnection",
          "inputs": {
            "host": {
              "connectionName": "shared_commondataserviceforapps_1",
              "operationId": "ListRecords",
              "apiId": "/providers/Microsoft.PowerApps/apis/shared_commondataserviceforapps"
            },
            "parameters": {
              "entityName": "tal_profilses",
              "$select": "tal_lastconnection, tal_rappelfreq,emailaddress",
              "$filter": "tal_rappel eq 1 and tal_rappeljour eq '@{replace(variables('Jour'), '''', '''''')}'"
            },
            "authentication": "@parameters('$authentication')"
          }
        },
        "applied_to_each": {
          "foreach": "@outputs('List_the_lines_in_Profil')?['body/value']",
          "actions": {
            "Message_-_LastConnection": {
              "runAfter": {},
              "metadata": {
                "operationMetadataId": "378483bc-2296-404d-b556-3ca0a76ce853"
              },
              "type": "Compose",
              "inputs": "@items('applied_to_each')?['tal_lastconnection']"
            },
            "define_DiffDays_variable": {
              "runAfter": {
                "Convert_Time_Zone": [
                  "Succeeded"
                ]
              },
              "metadata": {
                "operationMetadataId": "5dd765ae-d44c-4e86-8cd4-0c8c7dacfc0d"
              },
              "type": "SetVariable",
              "inputs": {
                "name": "DiffDays",
                "value": "@div(sub(ticks(utcNow()),ticks(outputs('Message_-_Date'))),864000000000)"
              }
            },
            "Convert_Time_Zone": {
              "runAfter": {
                "Message_-_Date": [
                  "Succeeded"
                ]
              },
              "metadata": {
                "operationMetadataId": "4a978203-8f1a-4f33-bae8-b09f5ee4eeb5"
              },
              "type": "Expression",
              "kind": "ConvertTimeZone",
              "inputs": {
                "baseTime": "@{outputs('Message_-_Date')}",
                "formatString": "d",
                "sourceTimeZone": "UTC-11",
                "destinationTimeZone": "Romance Standard Time"
              }
            },
            "Message_-_rappelFreq": {
              "runAfter": {
                "define_DiffDays_variable": [
                  "Succeeded"
                ]
              },
              "metadata": {
                "operationMetadataId": "378483bc-2296-404d-b556-3ca0a76ce853"
              },
              "type": "Compose",
              "inputs": "@items('applied_to_each')?['tal_rappelfreq']"
            },
            "Condition": {
              "actions": {
                "Message_-_Notify": {
                  "runAfter": {},
                  "metadata": {
                    "operationMetadataId": "378483bc-2296-404d-b556-3ca0a76ce853"
                  },
                  "type": "Compose",
                  "inputs": "On doit notifier"
                },
                "Run_a_child_stream": {
                  "runAfter": {
                    "Message_-_Notify": [
                      "Succeeded"
                    ]
                  },
                  "metadata": {
                    "operationMetadataId": "992e4591-d6da-48b0-bbd9-a852ac4bcf66"
                  },
                  "type": "Workflow",
                  "inputs": {
                    "host": {
                      "workflowReferenceName": "b853905d-e64e-ed11-bba3-000d3a959fe7"
                    },
                    "body": {
                      "text": "@items('applied_to_each')?['emailaddress']",
                      "text_1": "Rappel",
                      "text_2": "Reviens sur Mon e.carbone"
                    }
                  }
                }
              },
              "runAfter": {
                "Message_-_rappelFreq": [
                  "Succeeded"
                ]
              },
              "else": {
                "actions": {
                  "Message_-_Don't_notify": {
                    "runAfter": {},
                    "metadata": {
                      "operationMetadataId": "378483bc-2296-404d-b556-3ca0a76ce853"
                    },
                    "type": "Compose",
                    "inputs": "On ne doit pas notifier"
                  }
                }
              },
              "expression": {
                "greater": [
                  "@variables('DiffDays')",
                  "@mul(items('applied_to_each')?['tal_rappelfreq'],7)"
                ]
              },
              "metadata": {
                "operationMetadataId": "0791f29c-9892-4923-ac23-d71cb51717ba"
              },
              "type": "If"
            },
            "Message_-_Email_Adress": {
              "runAfter": {
                "Message_-_LastConnection": [
                  "Succeeded"
                ]
              },
              "metadata": {
                "operationMetadataId": "378483bc-2296-404d-b556-3ca0a76ce853"
              },
              "type": "Compose",
              "inputs": "@items('applied_to_each')?['emailaddress']"
            },
            "Message_-_Date": {
              "runAfter": {
                "Message_-_Email_Adress": [
                  "Succeeded"
                ]
              },
              "metadata": {
                "operationMetadataId": "66d74c36-3aea-4ea9-97f9-144e33bc446d"
              },
              "type": "Compose",
              "inputs": "@formatDateTime(concat(substring(items('applied_to_each')?['tal_lastconnection'], 3, 2), '/', substring(items('applied_to_each')?['tal_lastconnection'], 0, 2), '/', substring(items('applied_to_each')?['tal_lastconnection'], 6)), 'yyyy/MM/dd')"
            }
          },
          "runAfter": {
            "Initialize_DiffDays_variable": [
              "Succeeded"
            ]
          },
          "metadata": {
            "operationMetadataId": "09b375a0-a321-41d5-8216-92d87cef56d8"
          },
          "type": "Foreach"
        },
        "Initialize_DiffDays_variable": {
          "runAfter": {
            "List_the_lines_in_Profil": [
              "Succeeded"
            ]
          },
          "metadata": {
            "operationMetadataId": "9494482f-645e-4320-b7ce-eec9fa6b82f7"
          },
          "type": "InitializeVariable",
          "inputs": {
            "variables": [
              {
                "name": "DiffDays",
                "type": "integer"
              }
            ]
          }
        }
      }
    },
    "templateName": ""
  },
  "schemaVersion": "1.0.0.0"
}