{
  "properties": {
    "connectionReferences": {},
    "definition": {
      "$schema": "https://schema.management.azure.com/providers/Microsoft.Logic/schemas/2016-06-01/workflowdefinition.json#",
      "contentVersion": "1.0.0.0",
      "parameters": {
        "$authentication": {
          "defaultValue": {},
          "type": "SecureObject"
        },
        "var_ecarbone_appId (tal_var_ecarbone_appId)": {
          "defaultValue": "Var",
          "type": "String",
          "metadata": {
            "schemaName": "tal_var_ecarbone_appId"
          }
        },
        "var_ecarbone_tenantId (tal_var_ecarbone_tenantId)": {
          "defaultValue": "Var",
          "type": "String",
          "metadata": {
            "schemaName": "tal_var_ecarbone_tenantId"
          }
        },
        "var_ecarbone_secret (tal_var_ecarbone_secret)": {
          "defaultValue": "Var",
          "type": "String",
          "metadata": {
            "schemaName": "tal_var_ecarbone_secret"
          }
        },
        "var_ecarbone_teamsApps (tal_var_ecarbone_teamsApps)": {
          "defaultValue": "Var",
          "type": "String",
          "metadata": {
            "schemaName": "tal_var_ecarbone_teamsApps"
          }
        }
      },
      "triggers": {
        "manual": {
          "metadata": {
            "operationMetadataId": "98482219-1681-4604-ac92-1228509ac5f7"
          },
          "type": "Request",
          "kind": "Button",
          "inputs": {
            "schema": {
              "type": "object",
              "properties": {
                "text": {
                  "title": "email",
                  "type": "string",
                  "x-ms-dynamically-added": true,
                  "description": "Tapez votre entrée",
                  "x-ms-content-hint": "TEXT"
                },
                "text_1": {
                  "title": "activityType",
                  "type": "string",
                  "x-ms-dynamically-added": true,
                  "description": "Tapez votre entrée",
                  "x-ms-content-hint": "TEXT"
                },
                "text_2": {
                  "title": "msg",
                  "type": "string",
                  "x-ms-dynamically-added": true,
                  "description": "Tapez votre entrée",
                  "x-ms-content-hint": "TEXT"
                }
              },
              "required": [
                "text",
                "text_1",
                "text_2"
              ]
            },
            "headersSchema": {
              "x-ms-user-email-encoded": {
                "title": "E-mail de l'utilisateur",
                "type": "string",
                "format": "byte",
                "x-ms-dynamically-added": false
              },
              "x-ms-user-timestamp": {
                "title": "Timestamp",
                "type": "string",
                "x-ms-dynamically-added": false
              }
            }
          }
        }
      },
      "actions": {
        "HTTP": {
          "runAfter": {
            "Message": [
              "Succeeded"
            ]
          },
          "metadata": {
            "operationMetadataId": "870d6d38-76d6-4ea9-bc00-2c9754b1f5fe"
          },
          "type": "Http",
          "inputs": {
            "method": "POST",
            "uri": "https://login.microsoftonline.com/@{parameters('var_ecarbone_tenantId (tal_var_ecarbone_tenantId)')}/oauth2/v2.0/token",
            "headers": {
              "Content-type": "application/x-www-form-urlencoded"
            },
            "body": "grant_type=client_credentials&client_id=@{parameters('var_ecarbone_appId (tal_var_ecarbone_appId)')}&client_secret=@{parameters('var_ecarbone_secret (tal_var_ecarbone_secret)')}&scope=https%3A%2F%2Fgraph.microsoft.com%2F.default"
          }
        },
        "Analyser_JSON_2": {
          "runAfter": {
            "HTTP": [
              "Succeeded"
            ]
          },
          "metadata": {
            "operationMetadataId": "752352bb-1060-4512-96bf-3803180e531c"
          },
          "type": "ParseJson",
          "inputs": {
            "content": "@body('HTTP')",
            "schema": {
              "type": "object",
              "properties": {
                "token_type": {
                  "type": "string"
                },
                "expires_in": {
                  "type": "integer"
                },
                "ext_expires_in": {
                  "type": "integer"
                },
                "access_token": {
                  "type": "string"
                }
              }
            }
          }
        },
        "Message": {
          "runAfter": {},
          "metadata": {
            "operationMetadataId": "33e790ab-7d6c-4e87-b2b6-e23c5a3e67be"
          },
          "type": "Compose",
          "inputs": "@triggerBody()['text']"
        },
        "Répondre_à_une_instance_PowerApp_ou_à_un_flux": {
          "runAfter": {
            "HTTP_4": [
              "Succeeded"
            ]
          },
          "metadata": {
            "operationMetadataId": "ae3aebe6-f867-4dc5-a7e2-1088f3dfcf7c"
          },
          "type": "Response",
          "kind": "PowerApp",
          "inputs": {
            "statusCode": 200,
            "body": {
              "response": "0"
            },
            "schema": {
              "type": "object",
              "properties": {
                "response": {
                  "title": "Response",
                  "x-ms-dynamically-added": true,
                  "type": "string"
                }
              }
            }
          }
        },
        "HTTP_4": {
          "runAfter": {
            "Analyser_JSON_2": [
              "Succeeded"
            ]
          },
          "metadata": {
            "operationMetadataId": "e1b3b82b-d826-4dcd-83a5-00f0d0325e1b"
          },
          "type": "Http",
          "inputs": {
            "method": "POST",
            "uri": "https://graph.microsoft.com/v1.0/users/@{triggerBody()['text']}/teamwork/sendActivityNotification",
            "headers": {
              "Content-type": "application/json",
              "Authorization": "Bearer @{body('Analyser_JSON_2')?['access_token']}"
            },
            "body": {
              "activityType": "@{triggerBody()['text_1']}",
              "previewText": {
                "content": ""
              },
              "templateParameters": [
                {
                  "name": "message",
                  "value": "@{triggerBody()['text_2']}"
                }
              ],
              "topic": {
                "source": "entityUrl",
                "value": "https://graph.microsoft.com/v1.0/users/@{triggerBody()['text']}/appCatalogs/teamsApps/@{parameters('var_ecarbone_teamsApps (tal_var_ecarbone_teamsApps)')}"
              }
            }
          }
        }
      }
    },
    "templateName": ""
  },
  "schemaVersion": "1.0.0.0"
}