{
  "properties": {
    "connectionReferences": {
      "shared_office365": {
        "runtimeSource": "invoker",
        "connection": {
          "connectionReferenceLogicalName": "tal_sharedoffice365_4967f"
        },
        "api": {
          "name": "shared_office365"
        }
      }
    },
    "definition": {
      "$schema": "https://schema.management.azure.com/providers/Microsoft.Logic/schemas/2016-06-01/workflowdefinition.json#",
      "contentVersion": "1.0.0.0",
      "parameters": {
        "$connections": {
          "defaultValue": {},
          "type": "Object"
        },
        "$authentication": {
          "defaultValue": {},
          "type": "SecureObject"
        }
      },
      "triggers": {
        "manual": {
          "metadata": {
            "operationMetadataId": "83c62a90-4b60-477a-89ab-7338c8827426"
          },
          "type": "Request",
          "kind": "PowerAppV2",
          "inputs": {
            "schema": {
              "type": "object",
              "properties": {
                "number": {
                  "title": "Size",
                  "type": "number",
                  "x-ms-dynamically-added": true,
                  "description": "Entrez un nombre",
                  "x-ms-content-hint": "NUMBER"
                },
                "number_1": {
                  "title": "Number",
                  "type": "number",
                  "x-ms-dynamically-added": true,
                  "description": "100",
                  "x-ms-content-hint": "NUMBER"
                },
                "text": {
                  "title": "mailFolder",
                  "type": "string",
                  "x-ms-dynamically-added": true,
                  "description": "Tapez votre entrée",
                  "x-ms-content-hint": "TEXT"
                }
              },
              "required": [
                "number",
                "number_1",
                "text"
              ]
            }
          }
        }
      },
      "actions": {
        "Initialize_TableMailOutlook_variable": {
          "runAfter": {},
          "metadata": {
            "operationMetadataId": "b23a1f5d-7dda-4f7c-8958-d22bb5d990b3"
          },
          "type": "InitializeVariable",
          "inputs": {
            "variables": [
              {
                "name": "TableMailOutlook",
                "type": "string",
                "value": "["
              }
            ]
          }
        },
        "Condition": {
          "actions": {
            "Envoyer_une_requête_HTTP": {
              "runAfter": {},
              "metadata": {
                "operationMetadataId": "2f497388-3ac2-4987-945f-ebb9f376fca7"
              },
              "type": "OpenApiConnection",
              "inputs": {
                "host": {
                  "connectionName": "shared_office365",
                  "operationId": "HttpRequest",
                  "apiId": "/providers/Microsoft.PowerApps/apis/shared_office365"
                },
                "parameters": {
                  "Uri": "https://graph.microsoft.com/v1.0/me/mailFolders/Inbox/messages?$top=@{triggerBody()['number_1']}&$search=\"received<@{outputs('Message_-_Date')} and size>@{triggerBody()['number']}\"",
                  "Method": "GET",
                  "ContentType": "application/json"
                },
                "authentication": "@parameters('$authentication')"
              }
            },
            "Analyser_JSON": {
              "runAfter": {
                "Envoyer_une_requête_HTTP": [
                  "Succeeded"
                ]
              },
              "metadata": {
                "operationMetadataId": "7f52f04e-22c6-468c-a767-5a534de197b5"
              },
              "type": "ParseJson",
              "inputs": {
                "content": "@body('Envoyer_une_requête_HTTP')",
                "schema": {
                  "type": "object",
                  "properties": {
                    "@@odata.context": {
                      "type": "string"
                    },
                    "value": {
                      "type": "array",
                      "items": {
                        "type": "object",
                        "properties": {
                          "@@odata.etag": {
                            "type": "string"
                          },
                          "id": {
                            "type": "string"
                          },
                          "createdDateTime": {
                            "type": "string"
                          },
                          "lastModifiedDateTime": {
                            "type": "string"
                          },
                          "changeKey": {
                            "type": "string"
                          },
                          "categories": {
                            "type": "array"
                          },
                          "receivedDateTime": {
                            "type": "string"
                          },
                          "sentDateTime": {
                            "type": "string"
                          },
                          "hasAttachments": {
                            "type": "boolean"
                          },
                          "internetMessageId": {
                            "type": "string"
                          },
                          "subject": {
                            "type": "string"
                          },
                          "bodyPreview": {
                            "type": "string"
                          },
                          "importance": {
                            "type": "string"
                          },
                          "parentFolderId": {
                            "type": "string"
                          },
                          "conversationId": {
                            "type": "string"
                          },
                          "conversationIndex": {
                            "type": "string"
                          },
                          "isDeliveryReceiptRequested": {},
                          "isReadReceiptRequested": {
                            "type": "boolean"
                          },
                          "isRead": {
                            "type": "boolean"
                          },
                          "isDraft": {
                            "type": "boolean"
                          },
                          "webLink": {
                            "type": "string"
                          },
                          "inferenceClassification": {
                            "type": "string"
                          },
                          "body": {
                            "type": "object",
                            "properties": {
                              "contentType": {
                                "type": "string"
                              },
                              "content": {
                                "type": "string"
                              }
                            }
                          },
                          "sender": {
                            "type": "object",
                            "properties": {
                              "emailAddress": {
                                "type": "object",
                                "properties": {
                                  "name": {
                                    "type": "string"
                                  },
                                  "address": {
                                    "type": "string"
                                  }
                                }
                              }
                            }
                          },
                          "from": {
                            "type": "object",
                            "properties": {
                              "emailAddress": {
                                "type": "object",
                                "properties": {
                                  "name": {
                                    "type": "string"
                                  },
                                  "address": {
                                    "type": "string"
                                  }
                                }
                              }
                            }
                          },
                          "toRecipients": {
                            "type": "array",
                            "items": {
                              "type": "object",
                              "properties": {
                                "emailAddress": {
                                  "type": "object",
                                  "properties": {
                                    "name": {
                                      "type": "string"
                                    },
                                    "address": {
                                      "type": "string"
                                    }
                                  }
                                }
                              },
                              "required": [
                                "emailAddress"
                              ]
                            }
                          },
                          "ccRecipients": {
                            "type": "array"
                          },
                          "bccRecipients": {
                            "type": "array"
                          },
                          "replyTo": {
                            "type": "array"
                          },
                          "flag": {
                            "type": "object",
                            "properties": {
                              "flagStatus": {
                                "type": "string"
                              }
                            }
                          }
                        },
                        "required": [
                          "@@odata.etag",
                          "id",
                          "createdDateTime",
                          "lastModifiedDateTime",
                          "changeKey",
                          "categories",
                          "receivedDateTime",
                          "sentDateTime",
                          "hasAttachments",
                          "internetMessageId",
                          "subject",
                          "bodyPreview",
                          "importance",
                          "parentFolderId",
                          "conversationId",
                          "conversationIndex",
                          "isDeliveryReceiptRequested",
                          "isReadReceiptRequested",
                          "isRead",
                          "isDraft",
                          "webLink",
                          "inferenceClassification",
                          "body",
                          "sender",
                          "from",
                          "toRecipients",
                          "ccRecipients",
                          "bccRecipients",
                          "replyTo",
                          "flag"
                        ]
                      }
                    },
                    "@@odata.nextLink": {
                      "type": "string"
                    }
                  }
                }
              }
            },
            "Appliquer_à_chacun": {
              "foreach": "@body('Analyser_JSON')?['value']",
              "actions": {
                "Envoyer_une_requête_HTTP_2": {
                  "runAfter": {},
                  "metadata": {
                    "operationMetadataId": "e2805fc1-37e4-4c61-a3d0-2a3fe087dcfa"
                  },
                  "type": "OpenApiConnection",
                  "inputs": {
                    "host": {
                      "connectionName": "shared_office365",
                      "operationId": "HttpRequest",
                      "apiId": "/providers/Microsoft.PowerApps/apis/shared_office365"
                    },
                    "parameters": {
                      "Uri": "https://graph.microsoft.com/v1.0/me/mailFolders/Inbox/messages/@{items('Appliquer_à_chacun')?['id']}?$expand=singleValueExtendedProperties($filter=Id%20eq%20'LONG%200x0E08')",
                      "Method": "GET",
                      "ContentType": "application/json"
                    },
                    "authentication": "@parameters('$authentication')"
                  }
                },
                "Analyser_JSON_3": {
                  "runAfter": {
                    "Envoyer_une_requête_HTTP_2": [
                      "Succeeded"
                    ]
                  },
                  "metadata": {
                    "operationMetadataId": "6eba6692-3db3-4bc0-96a3-4f3f7d10448d"
                  },
                  "type": "ParseJson",
                  "inputs": {
                    "content": "@body('Envoyer_une_requête_HTTP_2')",
                    "schema": {
                      "type": "object",
                      "properties": {
                        "statusCode": {
                          "type": "integer"
                        },
                        "headers": {
                          "type": "object",
                          "properties": {
                            "Cache-Control": {
                              "type": "string"
                            },
                            "Transfer-Encoding": {
                              "type": "string"
                            },
                            "Strict-Transport-Security": {
                              "type": "string"
                            },
                            "request-id": {
                              "type": "string"
                            },
                            "client-request-id": {
                              "type": "string"
                            },
                            "x-ms-ags-diagnostic": {
                              "type": "string"
                            },
                            "x-ms-environment-id": {
                              "type": "string"
                            },
                            "Timing-Allow-Origin": {
                              "type": "string"
                            },
                            "x-ms-apihub-cached-response": {
                              "type": "string"
                            },
                            "x-ms-apihub-obo": {
                              "type": "string"
                            },
                            "Date": {
                              "type": "string"
                            },
                            "Content-Type": {
                              "type": "string"
                            },
                            "Content-Length": {
                              "type": "string"
                            }
                          }
                        },
                        "body": {
                          "type": "object",
                          "properties": {
                            "@@odata.context": {
                              "type": "string"
                            },
                            "value": {
                              "type": "array",
                              "items": {
                                "type": "object",
                                "properties": {
                                  "@@odata.etag": {
                                    "type": "string"
                                  },
                                  "id": {
                                    "type": "string"
                                  },
                                  "createdDateTime": {
                                    "type": "string"
                                  },
                                  "lastModifiedDateTime": {
                                    "type": "string"
                                  },
                                  "changeKey": {
                                    "type": "string"
                                  },
                                  "categories": {
                                    "type": "array"
                                  },
                                  "receivedDateTime": {
                                    "type": "string"
                                  },
                                  "sentDateTime": {
                                    "type": "string"
                                  },
                                  "hasAttachments": {
                                    "type": "boolean"
                                  },
                                  "internetMessageId": {
                                    "type": "string"
                                  },
                                  "subject": {
                                    "type": "string"
                                  },
                                  "bodyPreview": {
                                    "type": "string"
                                  },
                                  "importance": {
                                    "type": "string"
                                  },
                                  "parentFolderId": {
                                    "type": "string"
                                  },
                                  "conversationId": {
                                    "type": "string"
                                  },
                                  "conversationIndex": {
                                    "type": "string"
                                  },
                                  "isDeliveryReceiptRequested": {},
                                  "isReadReceiptRequested": {
                                    "type": "boolean"
                                  },
                                  "isRead": {
                                    "type": "boolean"
                                  },
                                  "isDraft": {
                                    "type": "boolean"
                                  },
                                  "webLink": {
                                    "type": "string"
                                  },
                                  "inferenceClassification": {
                                    "type": "string"
                                  },
                                  "body": {
                                    "type": "object",
                                    "properties": {
                                      "contentType": {
                                        "type": "string"
                                      },
                                      "content": {
                                        "type": "string"
                                      }
                                    }
                                  },
                                  "sender": {
                                    "type": "object",
                                    "properties": {
                                      "emailAddress": {
                                        "type": "object",
                                        "properties": {
                                          "name": {
                                            "type": "string"
                                          },
                                          "address": {
                                            "type": "string"
                                          }
                                        }
                                      }
                                    }
                                  },
                                  "from": {
                                    "type": "object",
                                    "properties": {
                                      "emailAddress": {
                                        "type": "object",
                                        "properties": {
                                          "name": {
                                            "type": "string"
                                          },
                                          "address": {
                                            "type": "string"
                                          }
                                        }
                                      }
                                    }
                                  },
                                  "toRecipients": {
                                    "type": "array",
                                    "items": {
                                      "type": "object",
                                      "properties": {
                                        "emailAddress": {
                                          "type": "object",
                                          "properties": {
                                            "name": {
                                              "type": "string"
                                            },
                                            "address": {
                                              "type": "string"
                                            }
                                          }
                                        }
                                      },
                                      "required": [
                                        "emailAddress"
                                      ]
                                    }
                                  },
                                  "ccRecipients": {
                                    "type": "array"
                                  },
                                  "bccRecipients": {
                                    "type": "array"
                                  },
                                  "replyTo": {
                                    "type": "array"
                                  },
                                  "flag": {
                                    "type": "object",
                                    "properties": {
                                      "flagStatus": {
                                        "type": "string"
                                      }
                                    }
                                  },
                                  "@@odata.type": {
                                    "type": "string"
                                  },
                                  "meetingMessageType": {
                                    "type": "string"
                                  },
                                  "type": {
                                    "type": "string"
                                  },
                                  "isOutOfDate": {
                                    "type": "boolean"
                                  },
                                  "isAllDay": {
                                    "type": "boolean"
                                  },
                                  "isDelegated": {
                                    "type": "boolean"
                                  },
                                  "startDateTime": {
                                    "type": "object",
                                    "properties": {
                                      "dateTime": {
                                        "type": "string"
                                      },
                                      "timeZone": {
                                        "type": "string"
                                      }
                                    }
                                  },
                                  "endDateTime": {
                                    "type": "object",
                                    "properties": {
                                      "dateTime": {
                                        "type": "string"
                                      },
                                      "timeZone": {
                                        "type": "string"
                                      }
                                    }
                                  },
                                  "location": {
                                    "type": "object",
                                    "properties": {
                                      "displayName": {
                                        "type": "string"
                                      },
                                      "locationType": {
                                        "type": "string"
                                      },
                                      "uniqueIdType": {
                                        "type": "string"
                                      }
                                    }
                                  },
                                  "recurrence": {
                                    "type": "object",
                                    "properties": {
                                      "pattern": {
                                        "type": "object",
                                        "properties": {
                                          "type": {
                                            "type": "string"
                                          },
                                          "interval": {
                                            "type": "integer"
                                          },
                                          "month": {
                                            "type": "integer"
                                          },
                                          "dayOfMonth": {
                                            "type": "integer"
                                          },
                                          "daysOfWeek": {
                                            "type": "array",
                                            "items": {
                                              "type": "string"
                                            }
                                          },
                                          "firstDayOfWeek": {
                                            "type": "string"
                                          },
                                          "index": {
                                            "type": "string"
                                          }
                                        }
                                      },
                                      "range": {
                                        "type": "object",
                                        "properties": {
                                          "type": {
                                            "type": "string"
                                          },
                                          "startDate": {
                                            "type": "string"
                                          },
                                          "endDate": {
                                            "type": "string"
                                          },
                                          "recurrenceTimeZone": {
                                            "type": "string"
                                          },
                                          "numberOfOccurrences": {
                                            "type": "integer"
                                          }
                                        }
                                      }
                                    }
                                  }
                                },
                                "required": [
                                  "@@odata.etag",
                                  "id",
                                  "createdDateTime",
                                  "lastModifiedDateTime",
                                  "changeKey",
                                  "categories",
                                  "receivedDateTime",
                                  "sentDateTime",
                                  "hasAttachments",
                                  "internetMessageId",
                                  "subject",
                                  "bodyPreview",
                                  "importance",
                                  "parentFolderId",
                                  "conversationId",
                                  "conversationIndex",
                                  "isDeliveryReceiptRequested",
                                  "isReadReceiptRequested",
                                  "isRead",
                                  "isDraft",
                                  "webLink",
                                  "inferenceClassification",
                                  "body",
                                  "sender",
                                  "from",
                                  "toRecipients",
                                  "ccRecipients",
                                  "bccRecipients",
                                  "replyTo",
                                  "flag"
                                ]
                              }
                            },
                            "@@odata.nextLink": {
                              "type": "string"
                            }
                          }
                        }
                      }
                    }
                  }
                },
                "Add_to_TableMailOutlook2": {
                  "runAfter": {
                    "Analyser_JSON_3": [
                      "Succeeded"
                    ]
                  },
                  "metadata": {
                    "operationMetadataId": "b6d3e8c0-40a5-46a1-b4f1-87fcf6ab90eb"
                  },
                  "type": "AppendToStringVariable",
                  "inputs": {
                    "name": "TableMailOutlook",
                    "value": {
                      "id": "@body('Analyser_JSON_3')?['id']",
                      "size": "@body('Analyser_JSON_3')?['singleValueExtendedProperties']",
                      "sentDate": "@body('Analyser_JSON_3')?['sentDate']",
                      "subject": "@body('Analyser_JSON_3')?['subject']",
                      "sender": "@body('Analyser_JSON_3')?['sender']"
                    }
                  }
                },
                "Add_to_TableMailOutlookBis": {
                  "runAfter": {
                    "Condition_2": [
                      "Succeeded"
                    ]
                  },
                  "metadata": {
                    "operationMetadataId": "b233a18b-36da-4ae6-a5bc-6d2751d28ce4"
                  },
                  "type": "AppendToArrayVariable",
                  "inputs": {
                    "name": "TableMailOutlookBis",
                    "value": {
                      "id": "@body('Analyser_JSON_3')?['id']",
                      "size": "@body('Analyser_JSON_3')?['singleValueExtendedProperties']",
                      "sentDate": "@body('Analyser_JSON_3')?['sentDate']",
                      "subject": "@body('Analyser_JSON_3')?['subject']",
                      "sender": "@body('Analyser_JSON_3')?['sender']"
                    }
                  }
                },
                "Increment_VarCompteur_variable": {
                  "runAfter": {
                    "Add_to_TableMailOutlookBis": [
                      "Succeeded"
                    ]
                  },
                  "metadata": {
                    "operationMetadataId": "440f7d87-d6ac-48c1-af86-a65a3ba24f93"
                  },
                  "type": "IncrementVariable",
                  "inputs": {
                    "name": "VarCompteur",
                    "value": 1
                  }
                },
                "Condition_2": {
                  "actions": {
                    "Add_to_TableMailOutlook3": {
                      "runAfter": {},
                      "metadata": {
                        "operationMetadataId": "72111426-84c6-4345-830a-cc8013e2fcd3"
                      },
                      "type": "AppendToStringVariable",
                      "inputs": {
                        "name": "TableMailOutlook",
                        "value": ","
                      }
                    }
                  },
                  "runAfter": {
                    "Add_to_TableMailOutlook2": [
                      "Succeeded"
                    ]
                  },
                  "expression": {
                    "greater": [
                      "@int(triggerBody()['number_1'])",
                      "@int(variables('VarCompteur'))"
                    ]
                  },
                  "metadata": {
                    "operationMetadataId": "a46097a7-ecd5-425a-aa10-2b16cdbd108f"
                  },
                  "type": "If"
                }
              },
              "runAfter": {
                "Analyser_JSON": [
                  "Succeeded"
                ]
              },
              "metadata": {
                "operationMetadataId": "8b372ad6-ac6a-46a4-9cb0-a254eae843bd"
              },
              "type": "Foreach",
              "runtimeConfiguration": {
                "concurrency": {
                  "repetitions": 50
                }
              }
            }
          },
          "runAfter": {
            "Message_-_Date": [
              "Succeeded"
            ]
          },
          "else": {
            "actions": {
              "Envoyer_une_requête_HTTP_3": {
                "runAfter": {},
                "metadata": {
                  "operationMetadataId": "2f497388-3ac2-4987-945f-ebb9f376fca7"
                },
                "type": "OpenApiConnection",
                "inputs": {
                  "host": {
                    "connectionName": "shared_office365",
                    "operationId": "HttpRequest",
                    "apiId": "/providers/Microsoft.PowerApps/apis/shared_office365"
                  },
                  "parameters": {
                    "Uri": "https://graph.microsoft.com/v1.0/me/mailFolders/SentItems/messages?$top=@{triggerBody()['number_1']}&$search=\"size>@{triggerBody()['number']}\"",
                    "Method": "GET",
                    "ContentType": "application/json"
                  },
                  "authentication": "@parameters('$authentication')"
                }
              },
              "Analyser_JSON_2": {
                "runAfter": {
                  "Envoyer_une_requête_HTTP_3": [
                    "Succeeded"
                  ]
                },
                "metadata": {
                  "operationMetadataId": "7f52f04e-22c6-468c-a767-5a534de197b5"
                },
                "type": "ParseJson",
                "inputs": {
                  "content": "@body('Envoyer_une_requête_HTTP_3')",
                  "schema": {
                    "type": "object",
                    "properties": {
                      "@@odata.context": {
                        "type": "string"
                      },
                      "value": {
                        "type": "array",
                        "items": {
                          "type": "object",
                          "properties": {
                            "@@odata.etag": {
                              "type": "string"
                            },
                            "id": {
                              "type": "string"
                            },
                            "createdDateTime": {
                              "type": "string"
                            },
                            "lastModifiedDateTime": {
                              "type": "string"
                            },
                            "changeKey": {
                              "type": "string"
                            },
                            "categories": {
                              "type": "array"
                            },
                            "receivedDateTime": {
                              "type": "string"
                            },
                            "sentDateTime": {
                              "type": "string"
                            },
                            "hasAttachments": {
                              "type": "boolean"
                            },
                            "internetMessageId": {
                              "type": "string"
                            },
                            "subject": {
                              "type": "string"
                            },
                            "bodyPreview": {
                              "type": "string"
                            },
                            "importance": {
                              "type": "string"
                            },
                            "parentFolderId": {
                              "type": "string"
                            },
                            "conversationId": {
                              "type": "string"
                            },
                            "conversationIndex": {
                              "type": "string"
                            },
                            "isDeliveryReceiptRequested": {},
                            "isReadReceiptRequested": {
                              "type": "boolean"
                            },
                            "isRead": {
                              "type": "boolean"
                            },
                            "isDraft": {
                              "type": "boolean"
                            },
                            "webLink": {
                              "type": "string"
                            },
                            "inferenceClassification": {
                              "type": "string"
                            },
                            "body": {
                              "type": "object",
                              "properties": {
                                "contentType": {
                                  "type": "string"
                                },
                                "content": {
                                  "type": "string"
                                }
                              }
                            },
                            "sender": {
                              "type": "object",
                              "properties": {
                                "emailAddress": {
                                  "type": "object",
                                  "properties": {
                                    "name": {
                                      "type": "string"
                                    },
                                    "address": {
                                      "type": "string"
                                    }
                                  }
                                }
                              }
                            },
                            "from": {
                              "type": "object",
                              "properties": {
                                "emailAddress": {
                                  "type": "object",
                                  "properties": {
                                    "name": {
                                      "type": "string"
                                    },
                                    "address": {
                                      "type": "string"
                                    }
                                  }
                                }
                              }
                            },
                            "toRecipients": {
                              "type": "array",
                              "items": {
                                "type": "object",
                                "properties": {
                                  "emailAddress": {
                                    "type": "object",
                                    "properties": {
                                      "name": {
                                        "type": "string"
                                      },
                                      "address": {
                                        "type": "string"
                                      }
                                    }
                                  }
                                },
                                "required": [
                                  "emailAddress"
                                ]
                              }
                            },
                            "ccRecipients": {
                              "type": "array"
                            },
                            "bccRecipients": {
                              "type": "array"
                            },
                            "replyTo": {
                              "type": "array"
                            },
                            "flag": {
                              "type": "object",
                              "properties": {
                                "flagStatus": {
                                  "type": "string"
                                }
                              }
                            }
                          },
                          "required": [
                            "@@odata.etag",
                            "id",
                            "createdDateTime",
                            "lastModifiedDateTime",
                            "changeKey",
                            "categories",
                            "receivedDateTime",
                            "sentDateTime",
                            "hasAttachments",
                            "internetMessageId",
                            "subject",
                            "bodyPreview",
                            "importance",
                            "parentFolderId",
                            "conversationId",
                            "conversationIndex",
                            "isDeliveryReceiptRequested",
                            "isReadReceiptRequested",
                            "isRead",
                            "isDraft",
                            "webLink",
                            "inferenceClassification",
                            "body",
                            "sender",
                            "from",
                            "toRecipients",
                            "ccRecipients",
                            "bccRecipients",
                            "replyTo",
                            "flag"
                          ]
                        }
                      },
                      "@@odata.nextLink": {
                        "type": "string"
                      }
                    }
                  }
                }
              },
              "Appliquer_à_chacun_2": {
                "foreach": "@body('Analyser_JSON_2')?['value']",
                "actions": {
                  "Envoyer_une_requête_HTTP_4": {
                    "runAfter": {},
                    "metadata": {
                      "operationMetadataId": "e2805fc1-37e4-4c61-a3d0-2a3fe087dcfa"
                    },
                    "type": "OpenApiConnection",
                    "inputs": {
                      "host": {
                        "connectionName": "shared_office365",
                        "operationId": "HttpRequest",
                        "apiId": "/providers/Microsoft.PowerApps/apis/shared_office365"
                      },
                      "parameters": {
                        "Uri": "https://graph.microsoft.com/v1.0/me/mailFolders/SentItems/messages/@{items('Appliquer_à_chacun_2')?['id']}?$expand=singleValueExtendedProperties($filter=Id%20eq%20'LONG%200x0E08')",
                        "Method": "GET",
                        "ContentType": "application/json"
                      },
                      "authentication": "@parameters('$authentication')"
                    }
                  },
                  "Analyser_JSON_4": {
                    "runAfter": {
                      "Envoyer_une_requête_HTTP_4": [
                        "Succeeded"
                      ]
                    },
                    "metadata": {
                      "operationMetadataId": "6eba6692-3db3-4bc0-96a3-4f3f7d10448d"
                    },
                    "type": "ParseJson",
                    "inputs": {
                      "content": "@body('Envoyer_une_requête_HTTP_4')",
                      "schema": {
                        "type": "object",
                        "properties": {
                          "statusCode": {
                            "type": "integer"
                          },
                          "headers": {
                            "type": "object",
                            "properties": {
                              "Cache-Control": {
                                "type": "string"
                              },
                              "Transfer-Encoding": {
                                "type": "string"
                              },
                              "Strict-Transport-Security": {
                                "type": "string"
                              },
                              "request-id": {
                                "type": "string"
                              },
                              "client-request-id": {
                                "type": "string"
                              },
                              "x-ms-ags-diagnostic": {
                                "type": "string"
                              },
                              "x-ms-environment-id": {
                                "type": "string"
                              },
                              "Timing-Allow-Origin": {
                                "type": "string"
                              },
                              "x-ms-apihub-cached-response": {
                                "type": "string"
                              },
                              "x-ms-apihub-obo": {
                                "type": "string"
                              },
                              "Date": {
                                "type": "string"
                              },
                              "Content-Type": {
                                "type": "string"
                              },
                              "Content-Length": {
                                "type": "string"
                              }
                            }
                          },
                          "body": {
                            "type": "object",
                            "properties": {
                              "@@odata.context": {
                                "type": "string"
                              },
                              "value": {
                                "type": "array",
                                "items": {
                                  "type": "object",
                                  "properties": {
                                    "@@odata.etag": {
                                      "type": "string"
                                    },
                                    "id": {
                                      "type": "string"
                                    },
                                    "createdDateTime": {
                                      "type": "string"
                                    },
                                    "lastModifiedDateTime": {
                                      "type": "string"
                                    },
                                    "changeKey": {
                                      "type": "string"
                                    },
                                    "categories": {
                                      "type": "array"
                                    },
                                    "receivedDateTime": {
                                      "type": "string"
                                    },
                                    "sentDateTime": {
                                      "type": "string"
                                    },
                                    "hasAttachments": {
                                      "type": "boolean"
                                    },
                                    "internetMessageId": {
                                      "type": "string"
                                    },
                                    "subject": {
                                      "type": "string"
                                    },
                                    "bodyPreview": {
                                      "type": "string"
                                    },
                                    "importance": {
                                      "type": "string"
                                    },
                                    "parentFolderId": {
                                      "type": "string"
                                    },
                                    "conversationId": {
                                      "type": "string"
                                    },
                                    "conversationIndex": {
                                      "type": "string"
                                    },
                                    "isDeliveryReceiptRequested": {},
                                    "isReadReceiptRequested": {
                                      "type": "boolean"
                                    },
                                    "isRead": {
                                      "type": "boolean"
                                    },
                                    "isDraft": {
                                      "type": "boolean"
                                    },
                                    "webLink": {
                                      "type": "string"
                                    },
                                    "inferenceClassification": {
                                      "type": "string"
                                    },
                                    "body": {
                                      "type": "object",
                                      "properties": {
                                        "contentType": {
                                          "type": "string"
                                        },
                                        "content": {
                                          "type": "string"
                                        }
                                      }
                                    },
                                    "sender": {
                                      "type": "object",
                                      "properties": {
                                        "emailAddress": {
                                          "type": "object",
                                          "properties": {
                                            "name": {
                                              "type": "string"
                                            },
                                            "address": {
                                              "type": "string"
                                            }
                                          }
                                        }
                                      }
                                    },
                                    "from": {
                                      "type": "object",
                                      "properties": {
                                        "emailAddress": {
                                          "type": "object",
                                          "properties": {
                                            "name": {
                                              "type": "string"
                                            },
                                            "address": {
                                              "type": "string"
                                            }
                                          }
                                        }
                                      }
                                    },
                                    "toRecipients": {
                                      "type": "array",
                                      "items": {
                                        "type": "object",
                                        "properties": {
                                          "emailAddress": {
                                            "type": "object",
                                            "properties": {
                                              "name": {
                                                "type": "string"
                                              },
                                              "address": {
                                                "type": "string"
                                              }
                                            }
                                          }
                                        },
                                        "required": [
                                          "emailAddress"
                                        ]
                                      }
                                    },
                                    "ccRecipients": {
                                      "type": "array"
                                    },
                                    "bccRecipients": {
                                      "type": "array"
                                    },
                                    "replyTo": {
                                      "type": "array"
                                    },
                                    "flag": {
                                      "type": "object",
                                      "properties": {
                                        "flagStatus": {
                                          "type": "string"
                                        }
                                      }
                                    },
                                    "@@odata.type": {
                                      "type": "string"
                                    },
                                    "meetingMessageType": {
                                      "type": "string"
                                    },
                                    "type": {
                                      "type": "string"
                                    },
                                    "isOutOfDate": {
                                      "type": "boolean"
                                    },
                                    "isAllDay": {
                                      "type": "boolean"
                                    },
                                    "isDelegated": {
                                      "type": "boolean"
                                    },
                                    "startDateTime": {
                                      "type": "object",
                                      "properties": {
                                        "dateTime": {
                                          "type": "string"
                                        },
                                        "timeZone": {
                                          "type": "string"
                                        }
                                      }
                                    },
                                    "endDateTime": {
                                      "type": "object",
                                      "properties": {
                                        "dateTime": {
                                          "type": "string"
                                        },
                                        "timeZone": {
                                          "type": "string"
                                        }
                                      }
                                    },
                                    "location": {
                                      "type": "object",
                                      "properties": {
                                        "displayName": {
                                          "type": "string"
                                        },
                                        "locationType": {
                                          "type": "string"
                                        },
                                        "uniqueIdType": {
                                          "type": "string"
                                        }
                                      }
                                    },
                                    "recurrence": {
                                      "type": "object",
                                      "properties": {
                                        "pattern": {
                                          "type": "object",
                                          "properties": {
                                            "type": {
                                              "type": "string"
                                            },
                                            "interval": {
                                              "type": "integer"
                                            },
                                            "month": {
                                              "type": "integer"
                                            },
                                            "dayOfMonth": {
                                              "type": "integer"
                                            },
                                            "daysOfWeek": {
                                              "type": "array",
                                              "items": {
                                                "type": "string"
                                              }
                                            },
                                            "firstDayOfWeek": {
                                              "type": "string"
                                            },
                                            "index": {
                                              "type": "string"
                                            }
                                          }
                                        },
                                        "range": {
                                          "type": "object",
                                          "properties": {
                                            "type": {
                                              "type": "string"
                                            },
                                            "startDate": {
                                              "type": "string"
                                            },
                                            "endDate": {
                                              "type": "string"
                                            },
                                            "recurrenceTimeZone": {
                                              "type": "string"
                                            },
                                            "numberOfOccurrences": {
                                              "type": "integer"
                                            }
                                          }
                                        }
                                      }
                                    }
                                  },
                                  "required": [
                                    "@@odata.etag",
                                    "id",
                                    "createdDateTime",
                                    "lastModifiedDateTime",
                                    "changeKey",
                                    "categories",
                                    "receivedDateTime",
                                    "sentDateTime",
                                    "hasAttachments",
                                    "internetMessageId",
                                    "subject",
                                    "bodyPreview",
                                    "importance",
                                    "parentFolderId",
                                    "conversationId",
                                    "conversationIndex",
                                    "isDeliveryReceiptRequested",
                                    "isReadReceiptRequested",
                                    "isRead",
                                    "isDraft",
                                    "webLink",
                                    "inferenceClassification",
                                    "body",
                                    "sender",
                                    "from",
                                    "toRecipients",
                                    "ccRecipients",
                                    "bccRecipients",
                                    "replyTo",
                                    "flag"
                                  ]
                                }
                              },
                              "@@odata.nextLink": {
                                "type": "string"
                              }
                            }
                          }
                        }
                      }
                    }
                  },
                  "Add_to_TableMailOutlook": {
                    "runAfter": {
                      "Analyser_JSON_4": [
                        "Succeeded"
                      ]
                    },
                    "metadata": {
                      "operationMetadataId": "b6d3e8c0-40a5-46a1-b4f1-87fcf6ab90eb"
                    },
                    "type": "AppendToStringVariable",
                    "inputs": {
                      "name": "TableMailOutlook",
                      "value": {
                        "id": "@body('Analyser_JSON_4')?['id']",
                        "size": "@body('Analyser_JSON_4')?['singleValueExtendedProperties']",
                        "sentDate": "@body('Analyser_JSON_4')?['sentDate']",
                        "subject": "@body('Analyser_JSON_4')?['subject']",
                        "sender": "@body('Analyser_JSON_4')?['sender']"
                      }
                    }
                  }
                },
                "runAfter": {
                  "Analyser_JSON_2": [
                    "Succeeded"
                  ]
                },
                "metadata": {
                  "operationMetadataId": "8b372ad6-ac6a-46a4-9cb0-a254eae843bd"
                },
                "type": "Foreach",
                "runtimeConfiguration": {
                  "concurrency": {
                    "repetitions": 50
                  }
                }
              }
            }
          },
          "expression": {
            "equals": [
              "@triggerBody()['text']",
              "Inbox"
            ]
          },
          "metadata": {
            "operationMetadataId": "9477af27-410a-47e0-80e9-f4c8b7ec5e1b"
          },
          "type": "If"
        },
        "Répondre_à_une_instance_PowerApp_ou_à_un_flux": {
          "runAfter": {
            "Message_-_TableMailOutlook": [
              "Succeeded"
            ]
          },
          "metadata": {
            "operationMetadataId": "ae5f415f-c640-473f-960f-e0d73efbc392"
          },
          "type": "Response",
          "kind": "PowerApp",
          "inputs": {
            "statusCode": 200,
            "body": {
              "listmail": "@{outputs('Message_-_TableMailOutlook')}"
            },
            "schema": {
              "type": "object",
              "properties": {
                "listmail": {
                  "title": "ListMail",
                  "x-ms-dynamically-added": true,
                  "type": "string"
                }
              }
            }
          }
        },
        "Initialize_TableMailOutlookBis_variable": {
          "runAfter": {
            "Initialize_TableMailOutlook_variable": [
              "Succeeded"
            ]
          },
          "metadata": {
            "operationMetadataId": "5b21f92d-11a6-4e1a-bcbf-c450771dfe67"
          },
          "type": "InitializeVariable",
          "inputs": {
            "variables": [
              {
                "name": "TableMailOutlookBis",
                "type": "array"
              }
            ]
          }
        },
        "Message_-_TableMailOutlook": {
          "runAfter": {
            "Condition": [
              "Succeeded"
            ]
          },
          "metadata": {
            "operationMetadataId": "0df7fb53-d9b7-4de7-9441-566f40095c21"
          },
          "type": "Compose",
          "inputs": "@{variables('TableMailOutlook')}]"
        },
        "Initialize_VarCompteur_variable": {
          "runAfter": {
            "Initialize_TableMailOutlookBis_variable": [
              "Succeeded"
            ]
          },
          "metadata": {
            "operationMetadataId": "cb270f59-1105-4e0e-8658-832e432381bc"
          },
          "type": "InitializeVariable",
          "inputs": {
            "variables": [
              {
                "name": "VarCompteur",
                "type": "integer",
                "value": 1
              }
            ]
          }
        },
        "Message_-_Date": {
          "runAfter": {
            "Initialize_VarCompteur_variable": [
              "Succeeded"
            ]
          },
          "metadata": {
            "operationMetadataId": "f882753e-b602-403f-b17b-78b813df40f5"
          },
          "type": "Compose",
          "inputs": "2023-11-18"
        }
      }
    },
    "templateName": ""
  },
  "schemaVersion": "1.0.0.0"
}