{
  "properties": {
    "connectionReferences": {
      "shared_commondataserviceforapps": {
        "runtimeSource": "embedded",
        "connection": {
          "connectionReferenceLogicalName": "tal_sharedcommondataserviceforapps_fdaa6"
        },
        "api": {
          "name": "shared_commondataserviceforapps"
        }
      }
    },
    "definition": {
      "$schema": "https://schema.management.azure.com/providers/Microsoft.Logic/schemas/2016-06-01/workflowdefinition.json#",
      "contentVersion": "1.0.0.0",
      "parameters": {
        "$connections": {
          "defaultValue": {},
          "type": "Object"
        },
        "$authentication": {
          "defaultValue": {},
          "type": "SecureObject"
        }
      },
      "triggers": {
        "Recurrence": {
          "recurrence": {
            "frequency": "Month",
            "interval": 1,
            "startTime": "2022-06-30T08:00:00Z"
          },
          "metadata": {
            "operationMetadataId": "bb052abe-c1fb-4e24-8741-152e2be4c010"
          },
          "type": "Recurrence"
        }
      },
      "actions": {
        "Purge_table_TmpDirectoryList": {
          "actions": {
            "List_TmpDirectoryList_rows": {
              "runAfter": {},
              "metadata": {
                "operationMetadataId": "44f39a28-c58a-4bc7-88c5-27906d88429e"
              },
              "type": "OpenApiConnection",
              "inputs": {
                "host": {
                  "connectionName": "shared_commondataserviceforapps",
                  "operationId": "ListRecords",
                  "apiId": "/providers/Microsoft.PowerApps/apis/shared_commondataserviceforapps"
                },
                "parameters": {
                  "entityName": "tal_directorylists",
                  "$select": "tal_directorylistid"
                },
                "authentication": "@parameters('$authentication')"
              }
            },
            "Apply_to_each_one": {
              "foreach": "@outputs('List_TmpDirectoryList_rows')?['body/value']",
              "actions": {
                "Delete_TmpDirectoryList_row": {
                  "runAfter": {},
                  "metadata": {
                    "operationMetadataId": "0c546c90-d3da-443c-aabb-3b07433aee95"
                  },
                  "type": "OpenApiConnection",
                  "inputs": {
                    "host": {
                      "connectionName": "shared_commondataserviceforapps",
                      "operationId": "DeleteRecord",
                      "apiId": "/providers/Microsoft.PowerApps/apis/shared_commondataserviceforapps"
                    },
                    "parameters": {
                      "entityName": "tal_directorylists",
                      "recordId": "@items('Apply_to_each_one')?['tal_directorylistid']"
                    },
                    "authentication": "@parameters('$authentication')"
                  }
                }
              },
              "runAfter": {
                "Define_Nextlink_variable_3": [
                  "Succeeded"
                ]
              },
              "metadata": {
                "operationMetadataId": "1dd44ddb-0740-4063-87a9-ae06a3598638"
              },
              "type": "Foreach",
              "runtimeConfiguration": {
                "concurrency": {
                  "repetitions": 28
                }
              }
            },
            "Define_Nextlink_variable_3": {
              "runAfter": {
                "List_TmpDirectoryList_rows": [
                  "Succeeded"
                ]
              },
              "metadata": {
                "operationMetadataId": "02751952-e951-46a5-8b30-e011bc25fef4"
              },
              "type": "SetVariable",
              "inputs": {
                "name": "nextlink",
                "value": "@outputs('List_TmpDirectoryList_rows')?['body/@odata']?['nextLink']"
              }
            },
            "Do_until_2": {
              "actions": {
                "List_TmpDirectoryList_rows__2": {
                  "runAfter": {},
                  "metadata": {
                    "operationMetadataId": "44f39a28-c58a-4bc7-88c5-27906d88429e"
                  },
                  "type": "OpenApiConnection",
                  "inputs": {
                    "host": {
                      "connectionName": "shared_commondataserviceforapps",
                      "operationId": "ListRecords",
                      "apiId": "/providers/Microsoft.PowerApps/apis/shared_commondataserviceforapps"
                    },
                    "parameters": {
                      "entityName": "tal_directorylists",
                      "$select": "tal_directorylistid"
                    },
                    "authentication": "@parameters('$authentication')"
                  }
                },
                "Apply_to_each_one_4": {
                  "foreach": "@outputs('List_TmpDirectoryList_rows__2')?['body/value']",
                  "actions": {
                    "Delete_TmpDirectoryList_line": {
                      "runAfter": {},
                      "metadata": {
                        "operationMetadataId": "0c546c90-d3da-443c-aabb-3b07433aee95"
                      },
                      "type": "OpenApiConnection",
                      "inputs": {
                        "host": {
                          "connectionName": "shared_commondataserviceforapps",
                          "operationId": "DeleteRecord",
                          "apiId": "/providers/Microsoft.PowerApps/apis/shared_commondataserviceforapps"
                        },
                        "parameters": {
                          "entityName": "tal_directorylists",
                          "recordId": "@items('Apply_to_each_one_4')?['tal_directorylistid']"
                        },
                        "authentication": "@parameters('$authentication')"
                      }
                    }
                  },
                  "runAfter": {
                    "List_TmpDirectoryList_rows__2": [
                      "Succeeded"
                    ]
                  },
                  "metadata": {
                    "operationMetadataId": "1dd44ddb-0740-4063-87a9-ae06a3598638"
                  },
                  "type": "Foreach",
                  "runtimeConfiguration": {
                    "concurrency": {
                      "repetitions": 20
                    }
                  }
                }
              },
              "runAfter": {
                "Apply_to_each_one": [
                  "Succeeded"
                ]
              },
              "expression": "@equals(length(variables('nextlink')), 0)",
              "limit": {
                "count": 60,
                "timeout": "PT1H"
              },
              "metadata": {
                "operationMetadataId": "97ae4baa-b7d6-4581-825f-bec5bca3c13d"
              },
              "type": "Until"
            }
          },
          "runAfter": {
            "Purge_table_TmpFileList": [
              "Succeeded"
            ]
          },
          "metadata": {
            "operationMetadataId": "ebb11ff9-4c71-4baf-a7b6-04b617dd00cb"
          },
          "type": "Scope"
        },
        "Purge_table_TmpFileList": {
          "actions": {
            "List_TmpFileList_rows_": {
              "runAfter": {},
              "metadata": {
                "operationMetadataId": "708d7083-c72e-4244-a0c6-096bec0f9e54"
              },
              "type": "OpenApiConnection",
              "inputs": {
                "host": {
                  "connectionName": "shared_commondataserviceforapps",
                  "operationId": "ListRecords",
                  "apiId": "/providers/Microsoft.PowerApps/apis/shared_commondataserviceforapps"
                },
                "parameters": {
                  "entityName": "tal_filelists",
                  "$select": "tal_filelistid"
                },
                "authentication": "@parameters('$authentication')"
              }
            },
            "Apply_to_each_one_2": {
              "foreach": "@outputs('List_TmpFileList_rows_')?['body/value']",
              "actions": {
                "Delete_TmpFileList_line": {
                  "runAfter": {},
                  "metadata": {
                    "operationMetadataId": "4bdae92f-f73f-44ee-8484-c8749c8beb98"
                  },
                  "type": "OpenApiConnection",
                  "inputs": {
                    "host": {
                      "connectionName": "shared_commondataserviceforapps",
                      "operationId": "DeleteRecord",
                      "apiId": "/providers/Microsoft.PowerApps/apis/shared_commondataserviceforapps"
                    },
                    "parameters": {
                      "entityName": "tal_filelists",
                      "recordId": "@items('Apply_to_each_one_2')?['tal_filelistid']"
                    },
                    "authentication": "@parameters('$authentication')"
                  }
                }
              },
              "runAfter": {
                "Define_nextlink_variable": [
                  "Succeeded"
                ]
              },
              "metadata": {
                "operationMetadataId": "03c4a4a3-7c8f-4553-9f27-e5b00ea7befa"
              },
              "type": "Foreach",
              "runtimeConfiguration": {
                "concurrency": {
                  "repetitions": 20
                }
              }
            },
            "Do_until": {
              "actions": {
                "List_TmpFileList_lines": {
                  "runAfter": {},
                  "metadata": {
                    "operationMetadataId": "09e20cb9-2dea-4179-8558-048942e51946"
                  },
                  "type": "OpenApiConnection",
                  "inputs": {
                    "host": {
                      "connectionName": "shared_commondataserviceforapps",
                      "operationId": "ListRecords",
                      "apiId": "/providers/Microsoft.PowerApps/apis/shared_commondataserviceforapps"
                    },
                    "parameters": {
                      "entityName": "tal_filelists",
                      "$select": "tal_filelistid"
                    },
                    "authentication": "@parameters('$authentication')"
                  }
                },
                "Appliquer_à_chacun_3": {
                  "foreach": "@outputs('List_TmpFileList_lines')?['body/value']",
                  "actions": {
                    "Delete_TmpFileList_line_2": {
                      "runAfter": {},
                      "metadata": {
                        "operationMetadataId": "4bdae92f-f73f-44ee-8484-c8749c8beb98"
                      },
                      "type": "OpenApiConnection",
                      "inputs": {
                        "host": {
                          "connectionName": "shared_commondataserviceforapps",
                          "operationId": "DeleteRecord",
                          "apiId": "/providers/Microsoft.PowerApps/apis/shared_commondataserviceforapps"
                        },
                        "parameters": {
                          "entityName": "tal_filelists",
                          "recordId": "@items('Appliquer_à_chacun_3')?['tal_filelistid']"
                        },
                        "authentication": "@parameters('$authentication')"
                      }
                    }
                  },
                  "runAfter": {
                    "List_TmpFileList_lines": [
                      "Succeeded"
                    ]
                  },
                  "metadata": {
                    "operationMetadataId": "03c4a4a3-7c8f-4553-9f27-e5b00ea7befa"
                  },
                  "type": "Foreach",
                  "runtimeConfiguration": {
                    "concurrency": {
                      "repetitions": 20
                    }
                  }
                },
                "Define_nextlink_variable_2": {
                  "runAfter": {
                    "Appliquer_à_chacun_3": [
                      "Succeeded"
                    ]
                  },
                  "metadata": {
                    "operationMetadataId": "fab47c4d-04b9-4a43-8a74-daf72e54a523"
                  },
                  "type": "SetVariable",
                  "inputs": {
                    "name": "nextlink",
                    "value": "@outputs('List_TmpFileList_lines')?['body/@odata']?['nextLink']"
                  }
                }
              },
              "runAfter": {
                "Apply_to_each_one_2": [
                  "Succeeded"
                ]
              },
              "expression": "@equals(variables('nextlink'), 0)",
              "limit": {
                "count": 60,
                "timeout": "PT1H"
              },
              "metadata": {
                "operationMetadataId": "c4cf67bc-5931-4386-b0a1-758936ef4227"
              },
              "type": "Until"
            },
            "Define_nextlink_variable": {
              "runAfter": {
                "List_TmpFileList_rows_": [
                  "Succeeded"
                ]
              },
              "metadata": {
                "operationMetadataId": "88d0ca62-ce51-4b6e-97b3-cba53e8425ee"
              },
              "type": "SetVariable",
              "inputs": {
                "name": "nextlink",
                "value": "@outputs('List_TmpFileList_rows_')?['body/@odata']?['nextLink']"
              }
            }
          },
          "runAfter": {
            "Initialize_nextlink_variable": [
              "Succeeded"
            ]
          },
          "metadata": {
            "operationMetadataId": "ebb11ff9-4c71-4baf-a7b6-04b617dd00cb"
          },
          "type": "Scope"
        },
        "Initialize_nextlink_variable": {
          "runAfter": {},
          "metadata": {
            "operationMetadataId": "2f57fc44-ca6f-48a1-8273-1f110762e604"
          },
          "type": "InitializeVariable",
          "inputs": {
            "variables": [
              {
                "name": "nextlink",
                "type": "string"
              }
            ]
          }
        }
      }
    },
    "templateName": ""
  },
  "schemaVersion": "1.0.0.0"
}