<environmentvariabledefinition schemaname="tal_var_ecarbone_mail">
  <defaultvalue>Var</defaultvalue>
  <description default="Mail generic">
    <label description="Mail generic" languagecode="1036" />
  </description>
  <displayname default="var_ecarbone_mail">
    <label description="var_ecarbone_mail" languagecode="1036" />
  </displayname>
  <introducedversion>1.0.0.14</introducedversion>
  <iscustomizable>1</iscustomizable>
  <isrequired>0</isrequired>
  <secretstore>0</secretstore>
  <type>100000000</type>
</environmentvariabledefinition>