<ImportExportXml version="9.2.25052.180" SolutionPackageVersion="9.2" languagecode="1036" generatedBy="CrmLive" xmlns:xsi="http://www.w3.org/2001/XMLSchema-instance" OrganizationVersion="9.2.25052.180" OrganizationSchemaType="Standard" CRMServerServiceabilityVersion="9.2.25052.00180">
  <SolutionManifest>
    <UniqueName>Numeriqueresponsable</UniqueName>
    <LocalizedNames>
      <LocalizedName description="Numérique responsable" languagecode="1036" />
    </LocalizedNames>
    <Descriptions>
      <Description description="Upgrade of Numérique responsable-Apps" languagecode="1036" />
    </Descriptions>
    <Version>2.2.0.219</Version>
    <Managed>0</Managed>
    <Publisher>
      <UniqueName>Talan</UniqueName>
      <LocalizedNames>
        <LocalizedName description="Talan" languagecode="1036" />
      </LocalizedNames>
      <Descriptions />
      <EMailAddress xsi:nil="true"></EMailAddress>
      <SupportingWebsiteUrl xsi:nil="true"></SupportingWebsiteUrl>
      <CustomizationPrefix>tal</CustomizationPrefix>
      <CustomizationOptionValuePrefix>92815</CustomizationOptionValuePrefix>
      <Addresses>
        <Address>
          <AddressNumber>1</AddressNumber>
          <AddressTypeCode>1</AddressTypeCode>
          <City xsi:nil="true"></City>
          <County xsi:nil="true"></County>
          <Country xsi:nil="true"></Country>
          <Fax xsi:nil="true"></Fax>
          <FreightTermsCode xsi:nil="true"></FreightTermsCode>
          <ImportSequenceNumber xsi:nil="true"></ImportSequenceNumber>
          <Latitude xsi:nil="true"></Latitude>
          <Line1 xsi:nil="true"></Line1>
          <Line2 xsi:nil="true"></Line2>
          <Line3 xsi:nil="true"></Line3>
          <Longitude xsi:nil="true"></Longitude>
          <Name xsi:nil="true"></Name>
          <PostalCode xsi:nil="true"></PostalCode>
          <PostOfficeBox xsi:nil="true"></PostOfficeBox>
          <PrimaryContactName xsi:nil="true"></PrimaryContactName>
          <ShippingMethodCode>1</ShippingMethodCode>
          <StateOrProvince xsi:nil="true"></StateOrProvince>
          <Telephone1 xsi:nil="true"></Telephone1>
          <Telephone2 xsi:nil="true"></Telephone2>
          <Telephone3 xsi:nil="true"></Telephone3>
          <TimeZoneRuleVersionNumber xsi:nil="true"></TimeZoneRuleVersionNumber>
          <UPSZone xsi:nil="true"></UPSZone>
          <UTCOffset xsi:nil="true"></UTCOffset>
          <UTCConversionTimeZoneCode xsi:nil="true"></UTCConversionTimeZoneCode>
        </Address>
        <Address>
          <AddressNumber>2</AddressNumber>
          <AddressTypeCode>1</AddressTypeCode>
          <City xsi:nil="true"></City>
          <County xsi:nil="true"></County>
          <Country xsi:nil="true"></Country>
          <Fax xsi:nil="true"></Fax>
          <FreightTermsCode xsi:nil="true"></FreightTermsCode>
          <ImportSequenceNumber xsi:nil="true"></ImportSequenceNumber>
          <Latitude xsi:nil="true"></Latitude>
          <Line1 xsi:nil="true"></Line1>
          <Line2 xsi:nil="true"></Line2>
          <Line3 xsi:nil="true"></Line3>
          <Longitude xsi:nil="true"></Longitude>
          <Name xsi:nil="true"></Name>
          <PostalCode xsi:nil="true"></PostalCode>
          <PostOfficeBox xsi:nil="true"></PostOfficeBox>
          <PrimaryContactName xsi:nil="true"></PrimaryContactName>
          <ShippingMethodCode>1</ShippingMethodCode>
          <StateOrProvince xsi:nil="true"></StateOrProvince>
          <Telephone1 xsi:nil="true"></Telephone1>
          <Telephone2 xsi:nil="true"></Telephone2>
          <Telephone3 xsi:nil="true"></Telephone3>
          <TimeZoneRuleVersionNumber xsi:nil="true"></TimeZoneRuleVersionNumber>
          <UPSZone xsi:nil="true"></UPSZone>
          <UTCOffset xsi:nil="true"></UTCOffset>
          <UTCConversionTimeZoneCode xsi:nil="true"></UTCConversionTimeZoneCode>
        </Address>
      </Addresses>
    </Publisher>
    <RootComponents>
      <RootComponent type="20" id="{c2319e66-7819-ee11-9cbd-000d3a959720}" behavior="0" />
      <RootComponent type="20" id="{f5872c52-7819-ee11-9cbd-000d3a959720}" behavior="0" />
      <RootComponent type="29" id="{05e50a1a-e0e0-ec11-bb3d-0022486fad9b}" behavior="0" />
      <RootComponent type="29" id="{0e3a1290-d3a8-ef11-a72d-002248da2cdd}" behavior="0" />
      <RootComponent type="29" id="{1392bc4d-31bf-ed11-83ff-000d3a959720}" behavior="0" />
      <RootComponent type="29" id="{14889847-d7a8-ef11-a72d-002248da2cdd}" behavior="0" />
      <RootComponent type="29" id="{26bc6c5e-7fd0-ec11-a7b5-6045bd0022b7}" behavior="0" />
      <RootComponent type="29" id="{366db10b-d6a8-ef11-a72d-002248727929}" behavior="0" />
      <RootComponent type="29" id="{4c803c97-d6e3-ec11-bb3c-000d3a9599c7}" behavior="0" />
      <RootComponent type="29" id="{534fbe97-9b03-ee11-8f6e-000d3a959fe7}" behavior="0" />
      <RootComponent type="29" id="{64b0febf-afbd-ed11-83ff-000d3a959fe7}" behavior="0" />
      <RootComponent type="29" id="{6fb7505b-eee0-ec11-bb3d-0022486fa4af}" behavior="0" />
      <RootComponent type="29" id="{70887851-6049-ed11-bba2-000d3a959720}" behavior="0" />
      <RootComponent type="29" id="{7697f28b-e0e5-ee11-a203-002248d9e750}" behavior="0" />
      <RootComponent type="29" id="{7e32114f-95e8-ec11-bb3c-000d3a959646}" behavior="0" />
      <RootComponent type="29" id="{7fe0eb91-d6a8-ef11-a72d-002248da2cdd}" behavior="0" />
      <RootComponent type="29" id="{98efc22d-d2a8-ef11-a72d-002248727929}" behavior="0" />
      <RootComponent type="29" id="{aa061281-577a-ef11-ac20-002248da697e}" behavior="0" />
      <RootComponent type="29" id="{ab5d9ac7-dde0-ec11-bb3d-0022486fad9b}" behavior="0" />
      <RootComponent type="29" id="{b853905d-e64e-ed11-bba3-000d3a959fe7}" behavior="0" />
      <RootComponent type="29" id="{baaecb8c-5627-f011-8c4d-000d3a95ac35}" behavior="0" />
      <RootComponent type="29" id="{beff1b98-32ba-ec11-983f-0022480b3ff3}" behavior="0" />
      <RootComponent type="29" id="{ddd81a39-1466-ef11-a670-002248d9f687}" behavior="0" />
      <RootComponent type="29" id="{f136e959-4a25-ee11-9966-000d3a959fe7}" behavior="0" />
      <RootComponent type="29" id="{fde8cf85-d4a8-ef11-a72d-002248727929}" behavior="0" />
      <RootComponent type="29" id="{fe25bd8b-e1e0-ec11-bb3d-0022486fa4af}" behavior="0" />
      <RootComponent type="300" schemaName="tal_gestionimagebadge_7d677" behavior="0" />
      <RootComponent type="300" schemaName="tal_gestionimageevolutionprofil_51da1" behavior="0" />
      <RootComponent type="300" schemaName="tal_monecarbonev2_d0b4c" behavior="0" />
      <RootComponent type="300" schemaName="tal_rfrentielfacteursemissions_af44e" behavior="0" />
      <RootComponent type="431" schemaName="tal_evolutionprofil tal_image" behavior="0" />
      <RootComponent type="432" schemaName="tal_evolutionprofil" behavior="0" />
    </RootComponents>
    <MissingDependencies>
      <MissingDependency>
        <Required type="1" schemaName="aaduser" displayName="Microsoft Entra ID" solution="MetadataExtension (1.0.2.109)">
          <package appName="Data Modeling Extensions Package" version="1.0.0.34">msft_AsyncAttributeMetadataApp (1.0.0.34)</package>
        </Required>
        <Dependent type="300" schemaName="tal_monecarbonev2_d0b4c" displayName="Mon e-Carbone" />
      </MissingDependency>
      <MissingDependency>
        <Required type="1" schemaName="aaduser" displayName="Microsoft Entra ID" solution="MetadataExtension (1.0.2.109)">
          <package appName="Data Modeling Extensions Package" version="1.0.0.34">msft_AsyncAttributeMetadataApp (1.0.0.34)</package>
        </Required>
        <Dependent type="300" schemaName="tal_rfrentielfacteursemissions_af44e" displayName="Plateforme d'administration mon e-carbone" />
      </MissingDependency>
      <MissingDependency>
        <Required type="1" schemaName="tal_badges" displayName="Badges" solution="Active" />
        <Dependent type="300" schemaName="tal_gestionimagebadge_7d677" displayName="GestionImageBadge" />
      </MissingDependency>
      <MissingDependency>
        <Required type="1" schemaName="tal_badges" displayName="Badges" solution="Active" />
        <Dependent type="300" schemaName="tal_monecarbonev2_d0b4c" displayName="Mon e-Carbone" />
      </MissingDependency>
      <MissingDependency>
        <Required type="1" schemaName="tal_challenges" displayName="Challenges" solution="Active" />
        <Dependent type="29" displayName="Btn-ImportFile" id="{aa061281-577a-ef11-ac20-002248da697e}" />
      </MissingDependency>
      <MissingDependency>
        <Required type="1" schemaName="tal_challenges" displayName="Challenges" solution="Active" />
        <Dependent type="29" displayName="Notif_Fin_Challenge" id="{f136e959-4a25-ee11-9966-000d3a959fe7}" />
      </MissingDependency>
      <MissingDependency>
        <Required type="1" schemaName="tal_challenges" displayName="Challenges" solution="Active" />
        <Dependent type="300" schemaName="tal_monecarbonev2_d0b4c" displayName="Mon e-Carbone" />
      </MissingDependency>
      <MissingDependency>
        <Required type="1" schemaName="tal_challenges" displayName="Challenges" solution="Active" />
        <Dependent type="300" schemaName="tal_rfrentielfacteursemissions_af44e" displayName="Plateforme d'administration mon e-carbone" />
      </MissingDependency>
      <MissingDependency>
        <Required type="1" schemaName="tal_collectedbadges" displayName="Collected Badges" solution="Active" />
        <Dependent type="300" schemaName="tal_monecarbonev2_d0b4c" displayName="Mon e-Carbone" />
      </MissingDependency>
      <MissingDependency>
        <Required type="1" schemaName="tal_companyvariables" displayName="Company Variables" solution="Active" />
        <Dependent type="300" schemaName="tal_monecarbonev2_d0b4c" displayName="Mon e-Carbone" />
      </MissingDependency>
      <MissingDependency>
        <Required type="1" schemaName="tal_datareference" displayName="DataReference" solution="Active" />
        <Dependent type="300" schemaName="tal_monecarbonev2_d0b4c" displayName="Mon e-Carbone" />
      </MissingDependency>
      <MissingDependency>
        <Required type="1" schemaName="tal_datareference" displayName="DataReference" solution="Active" />
        <Dependent type="300" schemaName="tal_rfrentielfacteursemissions_af44e" displayName="Plateforme d'administration mon e-carbone" />
      </MissingDependency>
      <MissingDependency>
        <Required type="1" schemaName="tal_detailmailbox" displayName="DetailMailbox" solution="Active" />
        <Dependent type="29" displayName="GetOneDriveSizeV2" id="{366db10b-d6a8-ef11-a72d-002248727929}" />
      </MissingDependency>
      <MissingDependency>
        <Required type="1" schemaName="tal_directorylist" displayName="TmpDirectoryList" solution="Active" />
        <Dependent type="29" displayName="Volumineux - Analyse One DriveV2" id="{14889847-d7a8-ef11-a72d-002248da2cdd}" />
      </MissingDependency>
      <MissingDependency>
        <Required type="1" schemaName="tal_directorylist" displayName="TmpDirectoryList" solution="Active" />
        <Dependent type="29" displayName="PurgeTmpOneDrive" id="{7e32114f-95e8-ec11-bb3c-000d3a959646}" />
      </MissingDependency>
      <MissingDependency>
        <Required type="1" schemaName="tal_directorylist" displayName="TmpDirectoryList" solution="Active" />
        <Dependent type="29" displayName="Analyse One Drive V2" id="{98efc22d-d2a8-ef11-a72d-002248727929}" />
      </MissingDependency>
      <MissingDependency>
        <Required type="1" schemaName="tal_doublons" displayName="Doublons" solution="Active" />
        <Dependent type="29" displayName="Analyse One Drive V2" id="{98efc22d-d2a8-ef11-a72d-002248727929}" />
      </MissingDependency>
      <MissingDependency>
        <Required type="1" schemaName="tal_doublons" displayName="Doublons" solution="Active" />
        <Dependent type="300" schemaName="tal_monecarbonev2_d0b4c" displayName="Mon e-Carbone" />
      </MissingDependency>
      <MissingDependency>
        <Required type="1" schemaName="tal_evolutionprofil" displayName="EvolutionProfil" solution="Active" />
        <Dependent type="300" schemaName="tal_gestionimageevolutionprofil_51da1" displayName="GestionImageEvolutionProfil" />
      </MissingDependency>
      <MissingDependency>
        <Required type="1" schemaName="tal_evolutionprofil" displayName="EvolutionProfil" solution="Active" />
        <Dependent type="300" schemaName="tal_monecarbonev2_d0b4c" displayName="Mon e-Carbone" />
      </MissingDependency>
      <MissingDependency>
        <Required type="1" schemaName="tal_fichiersvolumineux" displayName="FichiersVolumineux" solution="Active" />
        <Dependent type="29" displayName="Volumineux - Analyse One DriveV2" id="{14889847-d7a8-ef11-a72d-002248da2cdd}" />
      </MissingDependency>
      <MissingDependency>
        <Required type="1" schemaName="tal_fichiersvolumineux" displayName="FichiersVolumineux" solution="Active" />
        <Dependent type="300" schemaName="tal_monecarbonev2_d0b4c" displayName="Mon e-Carbone" />
      </MissingDependency>
      <MissingDependency>
        <Required type="1" schemaName="tal_filelist" displayName="TmpFileList" solution="Active" />
        <Dependent type="29" displayName="PurgeTmpOneDrive" id="{7e32114f-95e8-ec11-bb3c-000d3a959646}" />
      </MissingDependency>
      <MissingDependency>
        <Required type="1" schemaName="tal_filelist" displayName="TmpFileList" solution="Active" />
        <Dependent type="29" displayName="Analyse One Drive V2" id="{98efc22d-d2a8-ef11-a72d-002248727929}" />
      </MissingDependency>
      <MissingDependency>
        <Required type="1" schemaName="tal_maillinglist" displayName="MaillingList" solution="Active" />
        <Dependent type="29" displayName="BtnApiGraph-Notif" id="{6fb7505b-eee0-ec11-bb3d-0022486fa4af}" />
      </MissingDependency>
      <MissingDependency>
        <Required type="1" schemaName="tal_participants" displayName="TBL_Participants" solution="Active" />
        <Dependent type="29" displayName="CalculOneDrive" id="{7697f28b-e0e5-ee11-a203-002248d9e750}" />
      </MissingDependency>
      <MissingDependency>
        <Required type="1" schemaName="tal_participants" displayName="TBL_Participants" solution="Active" />
        <Dependent type="29" displayName="Btn-ImportFile" id="{aa061281-577a-ef11-ac20-002248da697e}" />
      </MissingDependency>
      <MissingDependency>
        <Required type="1" schemaName="tal_participants" displayName="TBL_Participants" solution="Active" />
        <Dependent type="29" displayName="Notif_Fin_Challenge" id="{f136e959-4a25-ee11-9966-000d3a959fe7}" />
      </MissingDependency>
      <MissingDependency>
        <Required type="1" schemaName="tal_participants" displayName="TBL_Participants" solution="Active" />
        <Dependent type="300" schemaName="tal_monecarbonev2_d0b4c" displayName="Mon e-Carbone" />
      </MissingDependency>
      <MissingDependency>
        <Required type="1" schemaName="tal_participants" displayName="TBL_Participants" solution="Active" />
        <Dependent type="300" schemaName="tal_rfrentielfacteursemissions_af44e" displayName="Plateforme d'administration mon e-carbone" />
      </MissingDependency>
      <MissingDependency>
        <Required type="1" schemaName="tal_productionco2equipe" displayName="ProductionCO2Equipe" solution="Active" />
        <Dependent type="29" displayName="ChargementEquipe" id="{70887851-6049-ed11-bba2-000d3a959720}" />
      </MissingDependency>
      <MissingDependency>
        <Required type="1" schemaName="tal_productionco2equipe" displayName="ProductionCO2Equipe" solution="Active" />
        <Dependent type="300" schemaName="tal_rfrentielfacteursemissions_af44e" displayName="Plateforme d'administration mon e-carbone" />
      </MissingDependency>
      <MissingDependency>
        <Required type="1" schemaName="tal_profils" displayName="Profils" solution="Active" />
        <Dependent type="29" displayName="DeleteMails V2" id="{0e3a1290-d3a8-ef11-a72d-002248da2cdd}" />
      </MissingDependency>
      <MissingDependency>
        <Required type="1" schemaName="tal_profils" displayName="Profils" solution="Active" />
        <Dependent type="29" displayName="Volumineux - Analyse One DriveV2" id="{14889847-d7a8-ef11-a72d-002248da2cdd}" />
      </MissingDependency>
      <MissingDependency>
        <Required type="1" schemaName="tal_profils" displayName="Profils" solution="Active" />
        <Dependent type="29" displayName="HistoriqueProfil" id="{26bc6c5e-7fd0-ec11-a7b5-6045bd0022b7}" />
      </MissingDependency>
      <MissingDependency>
        <Required type="1" schemaName="tal_profils" displayName="Profils" solution="Active" />
        <Dependent type="29" displayName="GetOneDriveSizeV2" id="{366db10b-d6a8-ef11-a72d-002248727929}" />
      </MissingDependency>
      <MissingDependency>
        <Required type="1" schemaName="tal_profils" displayName="Profils" solution="Active" />
        <Dependent type="29" displayName="EnvoiRappelUtilisateur" id="{4c803c97-d6e3-ec11-bb3c-000d3a9599c7}" />
      </MissingDependency>
      <MissingDependency>
        <Required type="1" schemaName="tal_profils" displayName="Profils" solution="Active" />
        <Dependent type="29" displayName="ChargementEquipe" id="{70887851-6049-ed11-bba2-000d3a959720}" />
      </MissingDependency>
      <MissingDependency>
        <Required type="1" schemaName="tal_profils" displayName="Profils" solution="Active" />
        <Dependent type="29" displayName="GetOutlookSizeV2" id="{7fe0eb91-d6a8-ef11-a72d-002248da2cdd}" />
      </MissingDependency>
      <MissingDependency>
        <Required type="1" schemaName="tal_profils" displayName="Profils" solution="Active" />
        <Dependent type="29" displayName="Analyse One Drive V2" id="{98efc22d-d2a8-ef11-a72d-002248727929}" />
      </MissingDependency>
      <MissingDependency>
        <Required type="1" schemaName="tal_profils" displayName="Profils" solution="Active" />
        <Dependent type="29" displayName="DeleteDocOneDrive V2" id="{fde8cf85-d4a8-ef11-a72d-002248727929}" />
      </MissingDependency>
      <MissingDependency>
        <Required type="1" schemaName="tal_profils" displayName="Profils" solution="Active" />
        <Dependent type="300" schemaName="tal_gestionimageevolutionprofil_51da1" displayName="GestionImageEvolutionProfil" />
      </MissingDependency>
      <MissingDependency>
        <Required type="1" schemaName="tal_profils" displayName="Profils" solution="Active" />
        <Dependent type="300" schemaName="tal_monecarbonev2_d0b4c" displayName="Mon e-Carbone" />
      </MissingDependency>
      <MissingDependency>
        <Required type="1" schemaName="tal_profils" displayName="Profils" solution="Active" />
        <Dependent type="300" schemaName="tal_rfrentielfacteursemissions_af44e" displayName="Plateforme d'administration mon e-carbone" />
      </MissingDependency>
      <MissingDependency>
        <Required type="1" schemaName="tal_saisie_participant" displayName="Saisie_Participant" solution="Active" />
        <Dependent type="300" schemaName="tal_monecarbonev2_d0b4c" displayName="Mon e-Carbone" />
      </MissingDependency>
      <MissingDependency>
        <Required type="1" schemaName="tal_tbl_levels" displayName="Levels" solution="Active" />
        <Dependent type="300" schemaName="tal_monecarbonev2_d0b4c" displayName="Mon e-Carbone" />
      </MissingDependency>
      <MissingDependency>
        <Required type="1" schemaName="tal_tbl_referentieluo" displayName="TBL_ReferentielUO" solution="Active" />
        <Dependent type="300" schemaName="tal_monecarbonev2_d0b4c" displayName="Mon e-Carbone" />
      </MissingDependency>
      <MissingDependency>
        <Required type="1" schemaName="tal_tbl_statcollectivesuo" displayName="TBL_StatCollectivesUO" solution="Active" />
        <Dependent type="300" schemaName="tal_monecarbonev2_d0b4c" displayName="Mon e-Carbone" />
      </MissingDependency>
      <MissingDependency>
        <Required type="1" schemaName="tal_tbl_statutilisateurs" displayName="TBL_StatUtilisateurs" solution="Active" />
        <Dependent type="300" schemaName="tal_monecarbonev2_d0b4c" displayName="Mon e-Carbone" />
      </MissingDependency>
      <MissingDependency>
        <Required type="1" schemaName="tal_tbl_uo" displayName="TBL_UO" solution="Active" />
        <Dependent type="300" schemaName="tal_monecarbonev2_d0b4c" displayName="Mon e-Carbone" />
      </MissingDependency>
      <MissingDependency>
        <Required type="372" schemaName="tal_graphapi-2dgetmydrive-20-2d-201" displayName="GraphAPI-GetMyDrive - 1" solution="Active" id="{88454d00-7e07-464d-b6ee-f7fe53a18b5c}" />
        <Dependent type="29" displayName="Volumineux - Analyse One DriveV2" id="{14889847-d7a8-ef11-a72d-002248da2cdd}" />
      </MissingDependency>
      <MissingDependency>
        <Required type="372" schemaName="tal_graphapi-2dgetmydrive-20-2d-201" displayName="GraphAPI-GetMyDrive - 1" solution="Active" id="{88454d00-7e07-464d-b6ee-f7fe53a18b5c}" />
        <Dependent type="29" displayName="GetOneDriveSizeV2" id="{366db10b-d6a8-ef11-a72d-002248727929}" />
      </MissingDependency>
      <MissingDependency>
        <Required type="372" schemaName="tal_graphapi-2dgetmydrive-20-2d-201" displayName="GraphAPI-GetMyDrive - 1" solution="Active" id="{88454d00-7e07-464d-b6ee-f7fe53a18b5c}" />
        <Dependent type="29" displayName="GetOutlookSizeV2" id="{7fe0eb91-d6a8-ef11-a72d-002248da2cdd}" />
      </MissingDependency>
      <MissingDependency>
        <Required type="372" schemaName="tal_graphapi-2dgetmydrive-20-2d-201" displayName="GraphAPI-GetMyDrive - 1" solution="Active" id="{88454d00-7e07-464d-b6ee-f7fe53a18b5c}" />
        <Dependent type="29" displayName="Analyse One Drive V2" id="{98efc22d-d2a8-ef11-a72d-002248727929}" />
      </MissingDependency>
      <MissingDependency>
        <Required type="372" schemaName="tal_graphapi-2dgetmydrive-20-2d-201" displayName="GraphAPI-GetMyDrive - 1" solution="Active" id="{88454d00-7e07-464d-b6ee-f7fe53a18b5c}" />
        <Dependent type="300" schemaName="tal_monecarbonev2_d0b4c" displayName="Mon e-Carbone" />
      </MissingDependency>
      <MissingDependency>
        <Required type="372" schemaName="tal_graphapi-2dgetmydrive-20-2d-201" displayName="GraphAPI-GetMyDrive - 1" solution="Active" id="{88454d00-7e07-464d-b6ee-f7fe53a18b5c}" />
        <Dependent type="connectionreference" displayName="tal_sharedgraphapi2dgetmydrive202d2015f0104057c8935272f53503c97ba03c_0c6a9" id.connectionreferencelogicalname="tal_sharedgraphapi2dgetmydrive202d2015f0104057c8935272f53503c97ba03c_0c6a9" />
      </MissingDependency>
      <MissingDependency>
        <Required type="372" schemaName="tal_microsoft-20graph-20api-20-2d-201" displayName="Microsoft Graph API - 1" solution="Active" id="{89441994-b568-4601-8e78-f5d4780f2344}" />
        <Dependent type="29" displayName="BtnApiGraph-Date" id="{05e50a1a-e0e0-ec11-bb3d-0022486fad9b}" />
      </MissingDependency>
      <MissingDependency>
        <Required type="372" schemaName="tal_microsoft-20graph-20api-20-2d-201" displayName="Microsoft Graph API - 1" solution="Active" id="{89441994-b568-4601-8e78-f5d4780f2344}" />
        <Dependent type="29" displayName="Btn-DeleteAllNotifications" id="{1392bc4d-31bf-ed11-83ff-000d3a959720}" />
      </MissingDependency>
      <MissingDependency>
        <Required type="372" schemaName="tal_microsoft-20graph-20api-20-2d-201" displayName="Microsoft Graph API - 1" solution="Active" id="{89441994-b568-4601-8e78-f5d4780f2344}" />
        <Dependent type="29" displayName="Btn-GetNbNotifications" id="{64b0febf-afbd-ed11-83ff-000d3a959fe7}" />
      </MissingDependency>
      <MissingDependency>
        <Required type="372" schemaName="tal_microsoft-20graph-20api-20-2d-201" displayName="Microsoft Graph API - 1" solution="Active" id="{89441994-b568-4601-8e78-f5d4780f2344}" />
        <Dependent type="29" displayName="BtnApiGraph-Notif" id="{6fb7505b-eee0-ec11-bb3d-0022486fa4af}" />
      </MissingDependency>
      <MissingDependency>
        <Required type="372" schemaName="tal_microsoft-20graph-20api-20-2d-201" displayName="Microsoft Graph API - 1" solution="Active" id="{89441994-b568-4601-8e78-f5d4780f2344}" />
        <Dependent type="29" displayName="BtnApiGraph-Date-Sender" id="{ab5d9ac7-dde0-ec11-bb3d-0022486fad9b}" />
      </MissingDependency>
      <MissingDependency>
        <Required type="372" schemaName="tal_microsoft-20graph-20api-20-2d-201" displayName="Microsoft Graph API - 1" solution="Active" id="{89441994-b568-4601-8e78-f5d4780f2344}" />
        <Dependent type="29" displayName="BtnApiGraph" id="{beff1b98-32ba-ec11-983f-0022480b3ff3}" />
      </MissingDependency>
      <MissingDependency>
        <Required type="372" schemaName="tal_microsoft-20graph-20api-20-2d-201" displayName="Microsoft Graph API - 1" solution="Active" id="{89441994-b568-4601-8e78-f5d4780f2344}" />
        <Dependent type="29" displayName="BtnApiGraph-Sender" id="{fe25bd8b-e1e0-ec11-bb3d-0022486fa4af}" />
      </MissingDependency>
      <MissingDependency>
        <Required type="372" schemaName="tal_microsoft-20graph-20api-20-2d-201" displayName="Microsoft Graph API - 1" solution="Active" id="{89441994-b568-4601-8e78-f5d4780f2344}" />
        <Dependent type="300" schemaName="tal_monecarbonev2_d0b4c" displayName="Mon e-Carbone" />
      </MissingDependency>
      <MissingDependency>
        <Required type="372" schemaName="tal_microsoft-20graph-20api-20-2d-201" displayName="Microsoft Graph API - 1" solution="Active" id="{89441994-b568-4601-8e78-f5d4780f2344}" />
        <Dependent type="connectionreference" displayName="tal_sharedmicrosoft20graph20api202d2015f0104057c893341e6a6d3585dbe1_40549" id.connectionreferencelogicalname="tal_sharedmicrosoft20graph20api202d2015f0104057c893341e6a6d3585dbe1_40549" />
      </MissingDependency>
      <MissingDependency>
        <Required type="EnvironmentVariableDefinition" displayName="tal_var_ecarbone_appId" solution="Active" id.schemaname="tal_var_ecarbone_appId" />
        <Dependent type="29" displayName="HistoriqueProfil" id="{26bc6c5e-7fd0-ec11-a7b5-6045bd0022b7}" />
      </MissingDependency>
      <MissingDependency>
        <Required type="EnvironmentVariableDefinition" displayName="tal_var_ecarbone_appId" solution="Active" id.schemaname="tal_var_ecarbone_appId" />
        <Dependent type="29" displayName="Notif_teams_challenge" id="{534fbe97-9b03-ee11-8f6e-000d3a959fe7}" />
      </MissingDependency>
      <MissingDependency>
        <Required type="EnvironmentVariableDefinition" displayName="tal_var_ecarbone_appId" solution="Active" id.schemaname="tal_var_ecarbone_appId" />
        <Dependent type="29" displayName="Envoi_notification_teams" id="{b853905d-e64e-ed11-bba3-000d3a959fe7}" />
      </MissingDependency>
      <MissingDependency>
        <Required type="EnvironmentVariableDefinition" displayName="tal_var_ecarbone_appId" solution="Active" id.schemaname="tal_var_ecarbone_appId" />
        <Dependent type="29" displayName="Notif_Fin_Challenge" id="{f136e959-4a25-ee11-9966-000d3a959fe7}" />
      </MissingDependency>
      <MissingDependency>
        <Required type="EnvironmentVariableDefinition" displayName="tal_var_ecarbone_audience" solution="Active" id.schemaname="tal_var_ecarbone_audience" />
        <Dependent type="29" displayName="HistoriqueProfil" id="{26bc6c5e-7fd0-ec11-a7b5-6045bd0022b7}" />
      </MissingDependency>
      <MissingDependency>
        <Required type="EnvironmentVariableDefinition" displayName="tal_var_ecarbone_mail" solution="Active" id.schemaname="tal_var_ecarbone_mail" />
        <Dependent type="29" displayName="BtnApiGraph" id="{beff1b98-32ba-ec11-983f-0022480b3ff3}" />
      </MissingDependency>
      <MissingDependency>
        <Required type="EnvironmentVariableDefinition" displayName="tal_var_ecarbone_secret" solution="Active" id.schemaname="tal_var_ecarbone_secret" />
        <Dependent type="29" displayName="HistoriqueProfil" id="{26bc6c5e-7fd0-ec11-a7b5-6045bd0022b7}" />
      </MissingDependency>
      <MissingDependency>
        <Required type="EnvironmentVariableDefinition" displayName="tal_var_ecarbone_secret" solution="Active" id.schemaname="tal_var_ecarbone_secret" />
        <Dependent type="29" displayName="Notif_teams_challenge" id="{534fbe97-9b03-ee11-8f6e-000d3a959fe7}" />
      </MissingDependency>
      <MissingDependency>
        <Required type="EnvironmentVariableDefinition" displayName="tal_var_ecarbone_secret" solution="Active" id.schemaname="tal_var_ecarbone_secret" />
        <Dependent type="29" displayName="Envoi_notification_teams" id="{b853905d-e64e-ed11-bba3-000d3a959fe7}" />
      </MissingDependency>
      <MissingDependency>
        <Required type="EnvironmentVariableDefinition" displayName="tal_var_ecarbone_secret" solution="Active" id.schemaname="tal_var_ecarbone_secret" />
        <Dependent type="29" displayName="Notif_Fin_Challenge" id="{f136e959-4a25-ee11-9966-000d3a959fe7}" />
      </MissingDependency>
      <MissingDependency>
        <Required type="EnvironmentVariableDefinition" displayName="tal_var_ecarbone_teamsApps" solution="Active" id.schemaname="tal_var_ecarbone_teamsApps" />
        <Dependent type="29" displayName="Notif_teams_challenge" id="{534fbe97-9b03-ee11-8f6e-000d3a959fe7}" />
      </MissingDependency>
      <MissingDependency>
        <Required type="EnvironmentVariableDefinition" displayName="tal_var_ecarbone_teamsApps" solution="Active" id.schemaname="tal_var_ecarbone_teamsApps" />
        <Dependent type="29" displayName="Envoi_notification_teams" id="{b853905d-e64e-ed11-bba3-000d3a959fe7}" />
      </MissingDependency>
      <MissingDependency>
        <Required type="EnvironmentVariableDefinition" displayName="tal_var_ecarbone_teamsApps" solution="Active" id.schemaname="tal_var_ecarbone_teamsApps" />
        <Dependent type="29" displayName="Notif_Fin_Challenge" id="{f136e959-4a25-ee11-9966-000d3a959fe7}" />
      </MissingDependency>
      <MissingDependency>
        <Required type="EnvironmentVariableDefinition" displayName="tal_var_ecarbone_tenantId" solution="Active" id.schemaname="tal_var_ecarbone_tenantId" />
        <Dependent type="29" displayName="HistoriqueProfil" id="{26bc6c5e-7fd0-ec11-a7b5-6045bd0022b7}" />
      </MissingDependency>
      <MissingDependency>
        <Required type="EnvironmentVariableDefinition" displayName="tal_var_ecarbone_tenantId" solution="Active" id.schemaname="tal_var_ecarbone_tenantId" />
        <Dependent type="29" displayName="Notif_teams_challenge" id="{534fbe97-9b03-ee11-8f6e-000d3a959fe7}" />
      </MissingDependency>
      <MissingDependency>
        <Required type="EnvironmentVariableDefinition" displayName="tal_var_ecarbone_tenantId" solution="Active" id.schemaname="tal_var_ecarbone_tenantId" />
        <Dependent type="29" displayName="Envoi_notification_teams" id="{b853905d-e64e-ed11-bba3-000d3a959fe7}" />
      </MissingDependency>
      <MissingDependency>
        <Required type="EnvironmentVariableDefinition" displayName="tal_var_ecarbone_tenantId" solution="Active" id.schemaname="tal_var_ecarbone_tenantId" />
        <Dependent type="29" displayName="Notif_Fin_Challenge" id="{f136e959-4a25-ee11-9966-000d3a959fe7}" />
      </MissingDependency>
    </MissingDependencies>
  </SolutionManifest>
</ImportExportXml>